4249 Hudson Street,Vancouver,"$5,888,000",4,2,2,0,3,3032,11593,1926,House/Single Family / 2 Storey w/Bsmt.,Freehold NonStrata,Vancouver West,V6H 3B3,"A happy and charming family home on large level lot in Shaughnessy. Main floor is graced with a spacious living and dining room plus a bedroom, a den and a kitchen with eating area for active family living. Up are 2 bedrooms plus a full bath. Down is a large rec room plus 4th bedroom. Huge sunny WEST facing sundeck off kitchen and dining room overlooking very private beautifully landscaped backyard. Double garage. This property enjoys the convenience of two lanes. One down the North side and one across the West side providing additional privacy and easy access to your home. Newer furnace and HW tank. Effective size of lot is 66’x 175’ approx. RS-5 zone. (NOT FSD) Close to sought after private schools. Oil tank removed and docs available. Showing by appointment only. Call now!",0,"Full, Partly Finished",13905.55,,68,1,"April 19, 2016 11:23 pm","[""https://photos.lilypad.ca/4249-hudson-street-vancouver-R2059256-2.jpg?2016-04-19+23%3A23%3A00"", ""https://photos.lilypad.ca/4249-hudson-street-vancouver-R2059256-3.jpg?2016-04-19+23%3A23%3A00"", ""https://photos.lilypad.ca/4249-hudson-street-vancouver-R2059256-4.jpg?2016-04-19+23%3A23%3A00"", ""https://photos.lilypad.ca/4249-hudson-street-vancouver-R2059256-5.jpg?2016-04-19+23%3A23%3A00"", ""https://photos.lilypad.ca/4249-hudson-street-vancouver-R2059256-6.jpg?2016-04-19+23%3A23%3A00"", ""https://photos.lilypad.ca/4249-hudson-street-vancouver-R2059256-7.jpg?2016-04-19+23%3A23%3A00"", ""https://photos.lilypad.ca/4249-hudson-street-vancouver-R2059256-8.jpg?2016-04-19+23%3A23%3A00"", ""https://photos.lilypad.ca/4249-hudson-street-vancouver-R2059256-9.jpg?2016-04-19+23%3A23%3A00"", ""https://photos.lilypad.ca/4249-hudson-street-vancouver-R2059256-10.jpg?2016-04-19+23%3A23%3A00"", ""https://photos.lilypad.ca/4249-hudson-street-vancouver-R2059256-11.jpg?2016-04-19+23%3A23%3A00"", ""https://photos.lilypad.ca/4249-hudson-street-vancouver-R2059256-12.jpg?2016-04-19+23%3A23%3A00"", ""https://photos.lilypad.ca/4249-hudson-street-vancouver-R2059256-13.jpg?2016-04-19+23%3A23%3A00"", ""https://photos.lilypad.ca/4249-hudson-street-vancouver-R2059256-14.jpg?2016-04-19+23%3A23%3A00"", ""https://photos.lilypad.ca/4249-hudson-street-vancouver-R2059256-15.jpg?2016-04-19+23%3A23%3A00"", ""https://photos.lilypad.ca/4249-hudson-street-vancouver-R2059256-16.jpg?2016-04-19+23%3A23%3A00"", ""https://photos.lilypad.ca/4249-hudson-street-vancouver-R2059256-17.jpg?2016-04-19+23%3A23%3A00"", ""https://photos.lilypad.ca/4249-hudson-street-vancouver-R2059256-18.jpg?2016-04-19+23%3A23%3A00"", ""https://photos.lilypad.ca/4249-hudson-street-vancouver-R2059256-19.jpg?2016-04-19+23%3A23%3A00""]"
4150 Victoria Drive,Vancouver,"$1,188,000",2,1,1,0,2,1918,4348,1939,House/Single Family / Rancher/Bungalow w/Bsmt.,Freehold NonStrata,Vancouver East,V5N 4N3,"Builders, Investors! Solid retro bungalow on a large 40x109 RS-1 lot (4348 SF) with lane access in hot Victoria area. Located at 26th & Victoria across from Brewers Park this 2 bed (circa 1939) home features original oak hardwood floors, coved ceilings, leaded glass doors and a full height unfinished basement. Great view potential for stellar city and mountain views if one were to build new. One car garage and a fully fenced sunny & quiet backyard. Steps to Brewers Park and a few blocks to Gladstone Secondary.",0,"Full, Unfinished",3945.76,,83,1,"April 19, 2016 7:47 pm","[""https://photos.lilypad.ca/4150-victoria-drive-vancouver-R2059189-2.jpg?2016-04-19+19%3A47%3A00"", ""https://photos.lilypad.ca/4150-victoria-drive-vancouver-R2059189-3.jpg?2016-04-19+19%3A47%3A00"", ""https://photos.lilypad.ca/4150-victoria-drive-vancouver-R2059189-4.jpg?2016-04-19+19%3A47%3A00"", ""https://photos.lilypad.ca/4150-victoria-drive-vancouver-R2059189-5.jpg?2016-04-19+19%3A47%3A00"", ""https://photos.lilypad.ca/4150-victoria-drive-vancouver-R2059189-6.jpg?2016-04-19+19%3A47%3A00"", ""https://photos.lilypad.ca/4150-victoria-drive-vancouver-R2059189-7.jpg?2016-04-19+19%3A47%3A00"", ""https://photos.lilypad.ca/4150-victoria-drive-vancouver-R2059189-8.jpg?2016-04-19+19%3A47%3A00"", ""https://photos.lilypad.ca/4150-victoria-drive-vancouver-R2059189-9.jpg?2016-04-19+19%3A47%3A00"", ""https://photos.lilypad.ca/4150-victoria-drive-vancouver-R2059189-10.jpg?2016-04-19+19%3A47%3A00"", ""https://photos.lilypad.ca/4150-victoria-drive-vancouver-R2059189-11.jpg?2016-04-19+19%3A47%3A00"", ""https://photos.lilypad.ca/4150-victoria-drive-vancouver-R2059189-12.jpg?2016-04-19+19%3A47%3A00"", ""https://photos.lilypad.ca/4150-victoria-drive-vancouver-R2059189-13.jpg?2016-04-19+19%3A47%3A00"", ""https://photos.lilypad.ca/4150-victoria-drive-vancouver-R2059189-14.jpg?2016-04-19+19%3A47%3A00"", ""https://photos.lilypad.ca/4150-victoria-drive-vancouver-R2059189-15.jpg?2016-04-19+19%3A47%3A00"", ""https://photos.lilypad.ca/4150-victoria-drive-vancouver-R2059189-16.jpg?2016-04-19+19%3A47%3A00"", ""https://photos.lilypad.ca/4150-victoria-drive-vancouver-R2059189-17.jpg?2016-04-19+19%3A47%3A00"", ""https://photos.lilypad.ca/4150-victoria-drive-vancouver-R2059189-18.jpg?2016-04-19+19%3A47%3A00"", ""https://photos.lilypad.ca/4150-victoria-drive-vancouver-R2059189-19.jpg?2016-04-19+19%3A47%3A00""]"
4275 Skeena Street,Vancouver,"$2,188,000",8,6,6,0,3,3120,3600,2016,House/Single Family / 2 Storey w/Bsmt.,Freehold NonStrata,Vancouver East,V5R 2L4,"Brand new custom built home with 2 bdrm laneway house. Comes with 2-5-10 new home warranty. Features include quartz countertops, air conditioned roughed in, engineered hardwood floor, HRV system, heating exchanger, security system, radiant heating, bbq hook up, sprinkler system & much more. There's a 2 bedroom legal suite & potential 1 bdrm suite. Open house this Sat & Sun, 2-4pm.",0,Fully Finished,3814.3,,68,1,"April 19, 2016 7:42 pm","[""https://photos.lilypad.ca/4275-skeena-street-vancouver-R2059162-2.jpg?2016-04-19+18%3A29%3A00"", ""https://photos.lilypad.ca/4275-skeena-street-vancouver-R2059162-3.jpg?2016-04-19+18%3A29%3A00"", ""https://photos.lilypad.ca/4275-skeena-street-vancouver-R2059162-4.jpg?2016-04-19+18%3A29%3A00"", ""https://photos.lilypad.ca/4275-skeena-street-vancouver-R2059162-5.jpg?2016-04-19+18%3A29%3A00"", ""https://photos.lilypad.ca/4275-skeena-street-vancouver-R2059162-6.jpg?2016-04-19+18%3A29%3A00"", ""https://photos.lilypad.ca/4275-skeena-street-vancouver-R2059162-7.jpg?2016-04-19+18%3A29%3A00"", ""https://photos.lilypad.ca/4275-skeena-street-vancouver-R2059162-8.jpg?2016-04-19+18%3A29%3A00"", ""https://photos.lilypad.ca/4275-skeena-street-vancouver-R2059162-9.jpg?2016-04-19+18%3A29%3A00"", ""https://photos.lilypad.ca/4275-skeena-street-vancouver-R2059162-10.jpg?2016-04-19+18%3A29%3A00"", ""https://photos.lilypad.ca/4275-skeena-street-vancouver-R2059162-11.jpg?2016-04-19+18%3A29%3A00"", ""https://photos.lilypad.ca/4275-skeena-street-vancouver-R2059162-12.jpg?2016-04-19+18%3A29%3A00"", ""https://photos.lilypad.ca/4275-skeena-street-vancouver-R2059162-13.jpg?2016-04-19+18%3A29%3A00"", ""https://photos.lilypad.ca/4275-skeena-street-vancouver-R2059162-14.jpg?2016-04-19+18%3A29%3A00"", ""https://photos.lilypad.ca/4275-skeena-street-vancouver-R2059162-15.jpg?2016-04-19+18%3A29%3A00"", ""https://photos.lilypad.ca/4275-skeena-street-vancouver-R2059162-16.jpg?2016-04-19+18%3A29%3A00"", ""https://photos.lilypad.ca/4275-skeena-street-vancouver-R2059162-17.jpg?2016-04-19+18%3A29%3A00"", ""https://photos.lilypad.ca/4275-skeena-street-vancouver-R2059162-18.jpg?2016-04-19+18%3A29%3A00"", ""https://photos.lilypad.ca/4275-skeena-street-vancouver-R2059162-19.jpg?2016-04-19+18%3A29%3A00"", ""https://photos.lilypad.ca/4275-skeena-street-vancouver-R2059162-20.jpg?2016-04-19+18%3A29%3A00""]"
3830 Victoria Drive,Vancouver,"$1,099,000",5,2,2,0,2,1940,3828,1930,House/Single Family / 2 Storey,Freehold NonStrata,Vancouver East,V5N 4M8,"Location, location, location. Solid 2 level home, 5BR with 3 bedroom up and 2 bedroom down, 2 kitchens, fully renovated and with patio cover sundeck. Home is situated to within walking distance to both schools, Lord Selkirk elementary school and Gladstone Secondary school. On Victoria bus route and to Commercial skytrain and to downtown Vancouver within 30 mins ride. Walking distance to Trout Lake and its community centre. Public Open House Saturday, April 23rd, 2-4pm.",0,"Full, Fully Finished, Separate Entry",3750.04,,83,1,"April 20, 2016 12:14 am","[""https://photos.lilypad.ca/3830-victoria-drive-vancouver-R2059141-2.jpg?2016-04-19+23%3A56%3A00"", ""https://photos.lilypad.ca/3830-victoria-drive-vancouver-R2059141-3.jpg?2016-04-19+23%3A56%3A00"", ""https://photos.lilypad.ca/3830-victoria-drive-vancouver-R2059141-4.jpg?2016-04-19+23%3A56%3A00"", ""https://photos.lilypad.ca/3830-victoria-drive-vancouver-R2059141-5.jpg?2016-04-19+23%3A56%3A00"", ""https://photos.lilypad.ca/3830-victoria-drive-vancouver-R2059141-6.jpg?2016-04-19+23%3A56%3A00"", ""https://photos.lilypad.ca/3830-victoria-drive-vancouver-R2059141-7.jpg?2016-04-19+23%3A56%3A00"", ""https://photos.lilypad.ca/3830-victoria-drive-vancouver-R2059141-8.jpg?2016-04-19+23%3A56%3A00"", ""https://photos.lilypad.ca/3830-victoria-drive-vancouver-R2059141-9.jpg?2016-04-19+23%3A56%3A00"", ""https://photos.lilypad.ca/3830-victoria-drive-vancouver-R2059141-10.jpg?2016-04-19+23%3A56%3A00"", ""https://photos.lilypad.ca/3830-victoria-drive-vancouver-R2059141-11.jpg?2016-04-19+23%3A56%3A00"", ""https://photos.lilypad.ca/3830-victoria-drive-vancouver-R2059141-12.jpg?2016-04-19+23%3A56%3A00"", ""https://photos.lilypad.ca/3830-victoria-drive-vancouver-R2059141-13.jpg?2016-04-19+23%3A56%3A00"", ""https://photos.lilypad.ca/3830-victoria-drive-vancouver-R2059141-14.jpg?2016-04-19+23%3A56%3A00"", ""https://photos.lilypad.ca/3830-victoria-drive-vancouver-R2059141-15.jpg?2016-04-19+23%3A56%3A00"", ""https://photos.lilypad.ca/3830-victoria-drive-vancouver-R2059141-16.jpg?2016-04-19+23%3A56%3A00""]"
6462 Macdonald Street,Vancouver,"$5,180,000",5,5,3,2,3,3687,15048,1924,House/Single Family / 2 Storey w/Bsmt.,Freehold NonStrata,Vancouver West,V6N 1E6,"Expansive 66 x 228 foot, park-like property with a charming 5 bedroom & den, 5 bath home in Kerrisdale. Perfect to hold, renovate or build your dream home! This 2 level home offers h/w floors, plenty of natural light, spacious principal rms, sizable den & 5 generously sized bdrms (3 on main & 2 up). Partially finished basement provides storage space & is ready for your ideas. Beautiful, fenced backyard w/lush, mature landscaping & serene pond is ideal for gardening & relaxing w/family & friends. Prime location, close to parks, golf courses + amenities in Kerrisdale & along Dunbar St. Easy access to downtown Vancouver & Richmond. Excellent schools nearby: Kerrisdale Elem., Point Grey Sec., Crofton House, St. George’s & UBC.",2,Partly Finished,13230.24,,42,29,"April 19, 2016 8:07 am","[""https://photos.lilypad.ca/6462-macdonald-street-vancouver-R2048136-2.jpg?2016-03-21+20%3A38%3A00"", ""https://photos.lilypad.ca/6462-macdonald-street-vancouver-R2048136-3.jpg?2016-03-21+20%3A38%3A00"", ""https://photos.lilypad.ca/6462-macdonald-street-vancouver-R2048136-4.jpg?2016-03-21+20%3A38%3A00"", ""https://photos.lilypad.ca/6462-macdonald-street-vancouver-R2048136-5.jpg?2016-03-21+20%3A38%3A00"", ""https://photos.lilypad.ca/6462-macdonald-street-vancouver-R2048136-6.jpg?2016-03-21+20%3A38%3A00"", ""https://photos.lilypad.ca/6462-macdonald-street-vancouver-R2048136-7.jpg?2016-03-21+20%3A38%3A00"", ""https://photos.lilypad.ca/6462-macdonald-street-vancouver-R2048136-8.jpg?2016-03-21+20%3A38%3A00"", ""https://photos.lilypad.ca/6462-macdonald-street-vancouver-R2048136-9.jpg?2016-03-21+20%3A38%3A00"", ""https://photos.lilypad.ca/6462-macdonald-street-vancouver-R2048136-10.jpg?2016-03-21+20%3A38%3A00"", ""https://photos.lilypad.ca/6462-macdonald-street-vancouver-R2048136-11.jpg?2016-03-21+20%3A38%3A00"", ""https://photos.lilypad.ca/6462-macdonald-street-vancouver-R2048136-12.jpg?2016-03-21+20%3A38%3A00"", ""https://photos.lilypad.ca/6462-macdonald-street-vancouver-R2048136-13.jpg?2016-03-21+20%3A38%3A00"", ""https://photos.lilypad.ca/6462-macdonald-street-vancouver-R2048136-14.jpg?2016-03-21+20%3A38%3A00"", ""https://photos.lilypad.ca/6462-macdonald-street-vancouver-R2048136-15.jpg?2016-03-21+20%3A38%3A00"", ""https://photos.lilypad.ca/6462-macdonald-street-vancouver-R2048136-16.jpg?2016-03-21+20%3A38%3A00"", ""https://photos.lilypad.ca/6462-macdonald-street-vancouver-R2048136-17.jpg?2016-03-21+20%3A38%3A00"", ""https://photos.lilypad.ca/6462-macdonald-street-vancouver-R2048136-18.jpg?2016-03-21+20%3A38%3A00"", ""https://photos.lilypad.ca/6462-macdonald-street-vancouver-R2048136-19.jpg?2016-03-21+20%3A38%3A00""]"
4585 Prince Albert Street,Vancouver,"$1,399,000",6,4,3,1,2,2050,2739,1977,House/Single Family / Basement Entry,Freehold NonStrata,Vancouver East,V5V 4K3,"Great 6 bed and 4 bath home in an ideal family oriented location. Good rental potential as this Vancouver special features 2 suites with seperate entrances on the main floor and laminate flooring throughout. Walk just a few blocks to No Frills and Shoppers Drug Mart or explore other restaurants and stores in this very diverse community. Just one block away from transportation and one bus ride away from Downtown or the Skytrain. Families with younger or older children need not to worry as General Brock Elementary and Sir Charles Tupper Secondary are just a short walk or drive away. Pictures to come soon! First showing and open house this Saturday & Sunday, April 23 and 24 from 2pm to 4pm.",1,Fully Finished,4567.36,,76,1,"April 19, 2016 11:30 pm",[]
4716 Fairmont Street,Vancouver,"$1,448,800",4,3,3,0,2,2040,4698,1956,House/Single Family / Rancher/Bungalow w/Loft,Freehold NonStrata,Vancouver East,V5R 3V2,"Solid house on a beautiful tree lined street in central Collingwood location, real hardwood floor on main level with 2 spacious bedrooms; lower floor features 2 bedrooms and a kitchen. Perfect lot to build a dream home on this 54-foot wide lot with back lane for future laneway house potential. Minutes to 29th Ave skytrain station. John Norquay Elementary & Windermere Secondary schools catchment area. First showing at open House: April 30th & May 1st, 2-4pm. Offers to be presented at 6:30pm on Tuesday May 3rd.",0,Full,4479.69,,65,1,"April 19, 2016 8:32 pm",[]
3380 Crown Street,Vancouver,"$2,938,000",4,3,3,0,3,2637,4390,1977,House/Single Family / 2 Storey w/Bsmt.,Freehold NonStrata,Vancouver West,V6S 2L5,"Excellent location! Bright and clean contemporary home in Dunbar area. Completely renovated in 2012. Corner lot with architect designed modern plan; lots of light; fabulous finishings; 3 beds up plus lots of room for nanny down. Unique & beautiful West side home. A short walk to the best schools, restaurants, shops & parks. Open house on Sunday, April 24, 3pm-5pm. No showing before first open house.",0,"Fully Finished, Separate Entry",8031.75,,59,1,"April 18, 2016 11:19 pm","[""http://maps.googleapis.com/maps/api/streetview?size=470x380&location=3380 Crown Street  Vancouver, V6S 2L5&sensor=false&fov=70&key=AIzaSyAFiN68UFakXeUjLPb7oAsw3OxToWJuuPE""]"
4458 Brakenridge Street,Vancouver,"$6,888,000",6,6,5,1,3,4193,6603.3,2016,House/Single Family / 2 Storey w/Bsmt.,Freehold NonStrata,Vancouver West,V6L 2H2,"ONE OF A KIND Tudor style home in the highly regarded Quilchena! The Brakenridge Classic's street appeal is dominating yet elegant in its style. Beautifully structured and perfectly positioned, this home features close to 4200 SF of pure luxury. Greeted with grand foyer and the modern open concept living supported by heavy timber and stone finishes that seamlessly blend to create a sense of warmth and prestige. Gourmet kitchen featuring Wolf appliances, a full size 48"" Sub Zero fridge and upscale cabinets. French doors leads to large patio & garden. 2nd floor features 4 spacious bedrooms with ensuites, luxurious basement equipped with 2 guest bdrms, bar/rec room, wine cellar, home theatre and spa room. Close to parks, PW & Trafalgar.",1,Fully Finished,10628.73,,63,1,"April 19, 2016 5:04 am","[""http://maps.googleapis.com/maps/api/streetview?size=470x380&location=4458 Brakenridge Street  Vancouver, V6L 2H2&sensor=false&fov=70&key=AIzaSyAFiN68UFakXeUjLPb7oAsw3OxToWJuuPE""]"
5921 Prince Albert Street,Vancouver,"$2,200,000",7,3,3,0,2,3443,6100,1953,"House/Single Family / Laneway House,Rancher/Bungalow w/Bsmt.",Freehold NonStrata,Vancouver East,V5W 3E2,"Handsome, solid rancher with a high basement on an excellent 50' lot facing the park PLUS a 3 yr old, income producing laneway house! Lots of space for your whole family and within easy walking distance of schools, transportation, and all of the colourful shops and restaurants along Fraser and Main. First showing: Thurs., Apr.21, 5:30-6:30. Open Sat. & Sun., 2-4.",0,"Full, Partly Finished, Separate Entry",4170.82,,90,1,"April 19, 2016 7:55 pm","[""https://photos.lilypad.ca/5921-prince-albert-street-vancouver-R2058968-2.jpg?2016-04-19+19%3A55%3A00"", ""https://photos.lilypad.ca/5921-prince-albert-street-vancouver-R2058968-3.jpg?2016-04-19+19%3A55%3A00"", ""https://photos.lilypad.ca/5921-prince-albert-street-vancouver-R2058968-4.jpg?2016-04-19+19%3A55%3A00"", ""https://photos.lilypad.ca/5921-prince-albert-street-vancouver-R2058968-5.jpg?2016-04-19+19%3A55%3A00"", ""https://photos.lilypad.ca/5921-prince-albert-street-vancouver-R2058968-6.jpg?2016-04-19+19%3A55%3A00"", ""https://photos.lilypad.ca/5921-prince-albert-street-vancouver-R2058968-7.jpg?2016-04-19+19%3A55%3A00"", ""https://photos.lilypad.ca/5921-prince-albert-street-vancouver-R2058968-8.jpg?2016-04-19+19%3A55%3A00"", ""https://photos.lilypad.ca/5921-prince-albert-street-vancouver-R2058968-9.jpg?2016-04-19+19%3A55%3A00"", ""https://photos.lilypad.ca/5921-prince-albert-street-vancouver-R2058968-10.jpg?2016-04-19+19%3A55%3A00"", ""https://photos.lilypad.ca/5921-prince-albert-street-vancouver-R2058968-11.jpg?2016-04-19+19%3A55%3A00""]"
2766 Turner Street,Vancouver,"$1,298,880",4,3,2,1,2,1927,3740,9999,House/Single Family / 2 Storey,Freehold NonStrata,Vancouver East,V5K 2G4,"Extensively renovated Vancouver house. Features 3 bedrooms upstairs & 1bed room suite w/open floor concept in basement. Close to 200k in recent renovation including new kitchen w/ granite counter & kitchen aid appliances, new bath, engineered hardwood floorings & tiles throughout, new windows, new roof, new furnace & hot water tank, upgraded plumbing & electricity, new stucco exterior, 6X25 cold room as wine cellar. Double detached garage in backyard can be easily converted to lane home. Immaculately maintained solid house. Blocks away from public/ private schools, community centres, public transportation and shopping. This property should not be missed. Open House on Apr 23&24, Sat&Sun 2-4 pm. Showings only by open house.",1,Full,3831.4,,84,1,"April 19, 2016 9:41 pm","[""https://photos.lilypad.ca/2766-turner-street-vancouver-R2058951-2.jpg?2016-04-19+04%3A39%3A00"", ""https://photos.lilypad.ca/2766-turner-street-vancouver-R2058951-3.jpg?2016-04-19+04%3A39%3A00"", ""https://photos.lilypad.ca/2766-turner-street-vancouver-R2058951-4.jpg?2016-04-19+04%3A39%3A00"", ""https://photos.lilypad.ca/2766-turner-street-vancouver-R2058951-5.jpg?2016-04-19+04%3A39%3A00"", ""https://photos.lilypad.ca/2766-turner-street-vancouver-R2058951-6.jpg?2016-04-19+04%3A39%3A00"", ""https://photos.lilypad.ca/2766-turner-street-vancouver-R2058951-7.jpg?2016-04-19+04%3A39%3A00"", ""https://photos.lilypad.ca/2766-turner-street-vancouver-R2058951-8.jpg?2016-04-19+04%3A39%3A00"", ""https://photos.lilypad.ca/2766-turner-street-vancouver-R2058951-9.jpg?2016-04-19+04%3A39%3A00"", ""https://photos.lilypad.ca/2766-turner-street-vancouver-R2058951-10.jpg?2016-04-19+04%3A39%3A00"", ""https://photos.lilypad.ca/2766-turner-street-vancouver-R2058951-11.jpg?2016-04-19+04%3A39%3A00"", ""https://photos.lilypad.ca/2766-turner-street-vancouver-R2058951-12.jpg?2016-04-19+04%3A39%3A00"", ""https://photos.lilypad.ca/2766-turner-street-vancouver-R2058951-13.jpg?2016-04-19+04%3A39%3A00"", ""https://photos.lilypad.ca/2766-turner-street-vancouver-R2058951-14.jpg?2016-04-19+04%3A39%3A00"", ""https://photos.lilypad.ca/2766-turner-street-vancouver-R2058951-15.jpg?2016-04-19+04%3A39%3A00"", ""https://photos.lilypad.ca/2766-turner-street-vancouver-R2058951-16.jpg?2016-04-19+04%3A39%3A00"", ""https://photos.lilypad.ca/2766-turner-street-vancouver-R2058951-17.jpg?2016-04-19+04%3A39%3A00"", ""https://photos.lilypad.ca/2766-turner-street-vancouver-R2058951-18.jpg?2016-04-19+04%3A39%3A00"", ""https://photos.lilypad.ca/2766-turner-street-vancouver-R2058951-19.jpg?2016-04-19+04%3A39%3A00"", ""https://photos.lilypad.ca/2766-turner-street-vancouver-R2058951-20.jpg?2016-04-19+04%3A39%3A00""]"
1707 Prestwick Drive,Vancouver,"$1,699,000",4,2,2,0,2,1470,5125.6,1950,House/Single Family / Rancher/Bungalow w/Bsmt.,Freehold NonStrata,Vancouver East,V5P 2E5,"READY TO BUILD! Building plans in place and development permits issued. Imagine your own custom built 3,456 sqft home on this sunny corner view lot! HUGE rooftop deck with views to the Fraser River and Richmond. 6 bedrooms, 6 bathrooms, recreation room and Entertainment area. Perfect for a family! Choose your features and customize to your own taste and needs! Open SAT/SUN APRIL 23/24 2-4pm",0,Fully Finished,4198.63,,70,1,"April 19, 2016 10:26 pm",[]
4662 Puget Drive,Vancouver,"$6,650,000",3,4,3,1,2,3643,14401.79,1959,House/Single Family / 2 Storey,Freehold NonStrata,Vancouver West,V6L 2W1,"Truly rare to the market! This magnificent Ron Thom designed home sits on a massive 14,400 square-foot lot that has breathtaking city, water, and mountain views. This house is hidden from the street, but opens up to a spectacular north-facing view. This unique design captures the best of a west-coast feel as the interior is integrated with a huge, outdoor deck. Unique in every sense of the word! Agents' open house on April 20 from 10:00am to 1:00pm. Public open house Sunday the 24th from 1:00pm to 4:00pm.",1,Fully Finished,19134.73,,57,1,"April 18, 2016 9:36 pm","[""http://maps.googleapis.com/maps/api/streetview?size=470x380&location=4662 Puget Drive  Vancouver, V6L 2W1&sensor=false&fov=70&key=AIzaSyAFiN68UFakXeUjLPb7oAsw3OxToWJuuPE""]"
2733 Franklin Street,Vancouver,"$1,699,000",5,3,2,1,2,2552,4026,1914,House/Single Family / 2 Storey,Freehold NonStrata,Vancouver East,V5K 1X7,"What a beauty! Welcome to this 1914 Craftsman Bungalow Heritage ""B"" lovingly & patiently restored to its current glory! The large foyer sets the tone with its beautiful wainscoting, 9'4 ceiling height & inlaid oak flooring. Cozy up by the fireplace in your comfortable living room drenched by natural light, host your loved ones in the adjacent large dining room while marvelling at the wood beamed ceiling & superb original built-in buffet. The 3 sizeable bedrooms & charming 1.5 bath with claw foot tub will house your family for a very long time. Airy modern kitchen & eat-in area from which to access a lush fenced backyard & detached garage. The bsmt offers a 2 bed suite & a large separate unfinished area which could be a rec/family room for you. Hastings Sunrise living at its best!What a beauty! Welcome to this 1914 Craftsman Bungalow Heritage ""B"" lovingly & patiently restored to its current glory! The large foyer sets the tone with its beautiful wainscoting, 9'4 ceiling height & gleaming inlaid oak flooring. Cozy up by the fireplace in your comfortable living room drenched by natural light, host your loved ones in the adjacent large dining room while marvelling at the wood beamed ceiling & superb original built-in buffet. The 3 sizeable bedrooms & charming 1.5 bath with claw foot tub will house your family for a very long time. Airy modern kitchen & eat-in area from which to access a lush fenced backyard & detached garage. The basement offers 2 bed suite & a large separate area which could be a rec/family room for you. Hastings Sunrise living at its best! Open Thurs April 21st, 5:30pm - 6:30pm, Sat & Sun April 23rd/24th, 1:00pm - 3:00pm.",1,"Full, Fully Finished",4090.87,,88,1,"April 19, 2016 7:47 pm","[""https://photos.lilypad.ca/2733-franklin-street-vancouver-R2058880-2.jpg?2016-04-18+22%3A31%3A00"", ""https://photos.lilypad.ca/2733-franklin-street-vancouver-R2058880-3.jpg?2016-04-18+22%3A31%3A00"", ""https://photos.lilypad.ca/2733-franklin-street-vancouver-R2058880-4.jpg?2016-04-18+22%3A31%3A00"", ""https://photos.lilypad.ca/2733-franklin-street-vancouver-R2058880-5.jpg?2016-04-18+22%3A31%3A00"", ""https://photos.lilypad.ca/2733-franklin-street-vancouver-R2058880-6.jpg?2016-04-18+22%3A31%3A00"", ""https://photos.lilypad.ca/2733-franklin-street-vancouver-R2058880-7.jpg?2016-04-18+22%3A31%3A00"", ""https://photos.lilypad.ca/2733-franklin-street-vancouver-R2058880-8.jpg?2016-04-18+22%3A31%3A00"", ""https://photos.lilypad.ca/2733-franklin-street-vancouver-R2058880-9.jpg?2016-04-18+22%3A31%3A00"", ""https://photos.lilypad.ca/2733-franklin-street-vancouver-R2058880-10.jpg?2016-04-18+22%3A31%3A00"", ""https://photos.lilypad.ca/2733-franklin-street-vancouver-R2058880-11.jpg?2016-04-18+22%3A31%3A00"", ""https://photos.lilypad.ca/2733-franklin-street-vancouver-R2058880-12.jpg?2016-04-18+22%3A31%3A00"", ""https://photos.lilypad.ca/2733-franklin-street-vancouver-R2058880-13.jpg?2016-04-18+22%3A31%3A00"", ""https://photos.lilypad.ca/2733-franklin-street-vancouver-R2058880-14.jpg?2016-04-18+22%3A31%3A00"", ""https://photos.lilypad.ca/2733-franklin-street-vancouver-R2058880-15.jpg?2016-04-18+22%3A31%3A00"", ""https://photos.lilypad.ca/2733-franklin-street-vancouver-R2058880-16.jpg?2016-04-18+22%3A31%3A00"", ""https://photos.lilypad.ca/2733-franklin-street-vancouver-R2058880-17.jpg?2016-04-18+22%3A31%3A00"", ""https://photos.lilypad.ca/2733-franklin-street-vancouver-R2058880-18.jpg?2016-04-18+22%3A31%3A00"", ""https://photos.lilypad.ca/2733-franklin-street-vancouver-R2058880-19.jpg?2016-04-18+22%3A31%3A00"", ""https://photos.lilypad.ca/2733-franklin-street-vancouver-R2058880-20.jpg?2016-04-18+22%3A31%3A00""]"
1891 Upland Drive,Vancouver,"$2,998,000",7,6,6,0,3,3772,5407,2016,"House/Single Family / 2 Storey w/Bsmt.,Laneway House",Freehold NonStrata,Vancouver East,V5P 2C5,"Gorgeous, residential location at the prestigious Fraserview on the South Side with north-facing view. High-end, luxurious, three-level home with over 3,700 square feet and a two-bedroom laneway house. The top floor has four large bedrooms with ensuites. The main floor has an open-concept kitchen including a central island, quartz countertop, engineered hardwood flooring, sauna, jacuzzi bath, air conditioning, HRV, and a covered patio. The basement has a legal, two-bedroom suite, and a theatre room. It also has a 2-5-10 year new home warranty. This new, luxurious, fabulously-built home will be completed by October or November of 2016.",0,Fully Finished,4460.47,,77,1,"April 19, 2016 2:06 am","[""http://maps.googleapis.com/maps/api/streetview?size=470x380&location=1891 Upland Drive  Vancouver, V5P 2C5&sensor=false&fov=70&key=AIzaSyAFiN68UFakXeUjLPb7oAsw3OxToWJuuPE""]"
5661 Highbury Street,Vancouver,"$5,980,000",4,5,4,1,3,4210,9360,1929,House/Single Family / 3 Storey,Freehold NonStrata,Vancouver West,V6N 1Y7,"Big Lot in Dunbar, land value with livable house. 9360 sf lot and 4210 sq ft 5 bedroom house. 2010 new roof and top quality material house (2016 renovation). Walking distance to Crofton House, St Georges schools. UBC. Public Open Houses: Sat & Sun, April 23rd & 24th, 2-4 PM.",1,Full,9316,,72,4,"April 18, 2016 8:14 pm","[""http://maps.googleapis.com/maps/api/streetview?size=470x380&location=5661 Highbury Street  Vancouver, V6N 1Y7&sensor=false&fov=70&key=AIzaSyAFiN68UFakXeUjLPb7oAsw3OxToWJuuPE""]"
2823 Woodland Drive,Vancouver,"$1,199,800",5,3,3,0,3,1980,4026,1912,House/Single Family / 2 Storey w/Bsmt.,Freehold NonStrata,Vancouver East,V6N 3R9,"Solid family home in hot area near 12th and Commercial. RT5N zoning. Features 3 bedrooms up and fully finished 2 bedrooms in the basement , newer furnace and roof Close to Queen Alexander and Secord elementary, commercial station skytrain and restaurants and shops on the Drive. All measurements are approx and to be verified by buyers.",0,Full,4478.37,,14,1,"April 19, 2016 5:55 pm",[]
2807 Eton Street,Vancouver,"$1,388,000",4,2,2,0,2,1730,4026,1926,House/Single Family / Rancher/Bungalow w/Bsmt.,Freehold NonStrata,Vancouver East,V5K 1K4,"Showcasing a RENOVATED 4 BED 2 BATH home in HASTINGS SUNRISE. Main floor features a SPACIOUS BRIGHT living room with a cozy WOOD BURNING FIREPLACE, a stylish kitchen with S/S appliances, QUARTZ countertops & FRENCH DOORS that lead to an AMAZING sun drenched PATIO deck almost 300 sq ft with views of the NORTHSHORE Mountains. Downstairs is a WALK-OUT 2 BDRM suite with its own SEPARATE ENTRANCE & LAUNDRY. This charming home has a beautifully LANDSCAPED SOUTH facing FRONT YARD & a manicured PRIVATE BACK YARD with a bonus WORKSHOP/STORAGE AREA. Great location only 10 mins to DOWNTOWN and blocks to HASTINGS Sunrise SHOPPING, CAFES, PNE's fall FARMER'S MARKET & NEW BRIGHTON PARK. 1st showing Thurs Apr 21 5:30pm-6:30pm Open 23/24 Sat/Sun 2-4Showcasing a RENOVATED 4 bedroom 2 bathroom home in the HASTINGS SUNRISE area. The main floor features a SPACIOUS and BRIGHT living room with a cozy WOOD BURNING FIREPLACE, a stylish kitchen with STAINLESS STEEL appliances, QUARTZ countertops and FRENCH DOORS that lead to an AMAZING sun drenched PATIO deck that is almost 300 sq ft and has views of the NORTHSHORE Mountains. Downstairs has a WALK-OUT 2 bedroom suite complete with its own SEPARATE ENTRANCE and LAUNDRY. This charming home has a beautifully LANDSCAPED SOUTH facing FRONT YARD and a manicured PRIVATE BACK YARD with a bonus WORKSHOP or STORAGE AREA. Great location only 10 minutes to DOWNTOWN and blocks to HASTINGS Sunrise SHOPPING, CAFES, PNE's fall FARMER'S MARKET and NEW BRIGHTON PARK. First showings Thurs Apr 21 5:30pm-6:30pm Open Sat/Sun Apr 23/24 2pm-4pm",0,Fully Finished,4095.68,,61,1,"April 19, 2016 6:35 pm","[""https://photos.lilypad.ca/2807-eton-street-vancouver-R2058738-2.jpg?2016-04-18+20%3A11%3A00"", ""https://photos.lilypad.ca/2807-eton-street-vancouver-R2058738-3.jpg?2016-04-18+20%3A11%3A00"", ""https://photos.lilypad.ca/2807-eton-street-vancouver-R2058738-4.jpg?2016-04-18+20%3A11%3A00"", ""https://photos.lilypad.ca/2807-eton-street-vancouver-R2058738-5.jpg?2016-04-18+20%3A11%3A00"", ""https://photos.lilypad.ca/2807-eton-street-vancouver-R2058738-6.jpg?2016-04-18+20%3A11%3A00"", ""https://photos.lilypad.ca/2807-eton-street-vancouver-R2058738-7.jpg?2016-04-18+20%3A11%3A00"", ""https://photos.lilypad.ca/2807-eton-street-vancouver-R2058738-8.jpg?2016-04-18+20%3A11%3A00"", ""https://photos.lilypad.ca/2807-eton-street-vancouver-R2058738-9.jpg?2016-04-18+20%3A11%3A00"", ""https://photos.lilypad.ca/2807-eton-street-vancouver-R2058738-10.jpg?2016-04-18+20%3A11%3A00"", ""https://photos.lilypad.ca/2807-eton-street-vancouver-R2058738-11.jpg?2016-04-18+20%3A11%3A00"", ""https://photos.lilypad.ca/2807-eton-street-vancouver-R2058738-12.jpg?2016-04-18+20%3A11%3A00"", ""https://photos.lilypad.ca/2807-eton-street-vancouver-R2058738-13.jpg?2016-04-18+20%3A11%3A00"", ""https://photos.lilypad.ca/2807-eton-street-vancouver-R2058738-14.jpg?2016-04-18+20%3A11%3A00"", ""https://photos.lilypad.ca/2807-eton-street-vancouver-R2058738-15.jpg?2016-04-18+20%3A11%3A00"", ""https://photos.lilypad.ca/2807-eton-street-vancouver-R2058738-16.jpg?2016-04-18+20%3A11%3A00"", ""https://photos.lilypad.ca/2807-eton-street-vancouver-R2058738-17.jpg?2016-04-18+20%3A11%3A00"", ""https://photos.lilypad.ca/2807-eton-street-vancouver-R2058738-18.jpg?2016-04-18+20%3A11%3A00"", ""https://photos.lilypad.ca/2807-eton-street-vancouver-R2058738-19.jpg?2016-04-18+20%3A11%3A00"", ""https://photos.lilypad.ca/2807-eton-street-vancouver-R2058738-20.jpg?2016-04-18+20%3A11%3A00""]"
4140 Crown Crescent,Vancouver,"$3,988,000",5,4,3,1,3,3523,6132,1928,House/Single Family / 2 Storey w/Bsmt.,Freehold NonStrata,Vancouver West,V6R 2A9,"North of 10th, Crown Crescent is one of the most sought after streets in West Point Grey. 6132 SF of land on 55x111.49 RS-1 view lot. Additions and renovations (2005) give this charming 5 bedroom home (3 up/2 down) the feel of a newer house. Classic x-hall living/dining room with a newer family room off the kitchen create an open plan that's great for entertaining. Step through double French doors to a southern exposed yard with sunken patio that's perfect for BBQs and family time. Walking to West Pt Grey Academy, OLPH, Lord Byng, Queen Mary, Jules Quesnel, W 10th shopping district, UBC, local parks & beaches. A new build on this lot could take advantage of the views for some amazing mountain & water views.",1,Full,13082.52,,66,1,"April 19, 2016 6:17 pm","[""https://photos.lilypad.ca/4140-crown-crescent-vancouver-R2058713-2.jpg?2016-04-19+00%3A21%3A00"", ""https://photos.lilypad.ca/4140-crown-crescent-vancouver-R2058713-3.jpg?2016-04-19+00%3A21%3A00"", ""https://photos.lilypad.ca/4140-crown-crescent-vancouver-R2058713-4.jpg?2016-04-19+00%3A21%3A00"", ""https://photos.lilypad.ca/4140-crown-crescent-vancouver-R2058713-5.jpg?2016-04-19+00%3A21%3A00"", ""https://photos.lilypad.ca/4140-crown-crescent-vancouver-R2058713-6.jpg?2016-04-19+00%3A21%3A00"", ""https://photos.lilypad.ca/4140-crown-crescent-vancouver-R2058713-7.jpg?2016-04-19+00%3A21%3A00"", ""https://photos.lilypad.ca/4140-crown-crescent-vancouver-R2058713-8.jpg?2016-04-19+00%3A21%3A00"", ""https://photos.lilypad.ca/4140-crown-crescent-vancouver-R2058713-9.jpg?2016-04-19+00%3A21%3A00"", ""https://photos.lilypad.ca/4140-crown-crescent-vancouver-R2058713-10.jpg?2016-04-19+00%3A21%3A00"", ""https://photos.lilypad.ca/4140-crown-crescent-vancouver-R2058713-11.jpg?2016-04-19+00%3A21%3A00"", ""https://photos.lilypad.ca/4140-crown-crescent-vancouver-R2058713-12.jpg?2016-04-19+00%3A21%3A00"", ""https://photos.lilypad.ca/4140-crown-crescent-vancouver-R2058713-13.jpg?2016-04-19+00%3A21%3A00"", ""https://photos.lilypad.ca/4140-crown-crescent-vancouver-R2058713-14.jpg?2016-04-19+00%3A21%3A00"", ""https://photos.lilypad.ca/4140-crown-crescent-vancouver-R2058713-15.jpg?2016-04-19+00%3A21%3A00"", ""https://photos.lilypad.ca/4140-crown-crescent-vancouver-R2058713-16.jpg?2016-04-19+00%3A21%3A00"", ""https://photos.lilypad.ca/4140-crown-crescent-vancouver-R2058713-17.jpg?2016-04-19+00%3A21%3A00"", ""https://photos.lilypad.ca/4140-crown-crescent-vancouver-R2058713-18.jpg?2016-04-19+00%3A21%3A00"", ""https://photos.lilypad.ca/4140-crown-crescent-vancouver-R2058713-19.jpg?2016-04-19+00%3A21%3A00"", ""https://photos.lilypad.ca/4140-crown-crescent-vancouver-R2058713-20.jpg?2016-04-19+00%3A21%3A00""]"
1987 Charles Street,Vancouver,"$1,299,000",4,2,2,0,2,1500,3223.44,1912,House/Single Family / 2 Storey,Freehold NonStrata,Vancouver East,V5L 2V1,"Quintessential East Van character home on one of the nicest streets in the Commercial drive area. This home has all the heritage charm with original Tiffany windows in the living and dining rooms, high ceiling and classic mouldings. Large & inviting patio overlooking your private yard. Perfect for kids play dates and family BBQ’s. Large ground floor with full height ceilings that could be easily suited. Bring your renovation dreams to this sweet east van home just steps to parks, schools, transit & shopping. OPEN Thursday 5:30-6:30pm and SAT/SUN APRIL 23/24 2-4pm",0,Full,3926.1,,93,1,"April 19, 2016 9:20 pm","[""http://maps.googleapis.com/maps/api/streetview?size=470x380&location=1987 Charles Street  Vancouver, V5L 2V1&sensor=false&fov=70&key=AIzaSyAFiN68UFakXeUjLPb7oAsw3OxToWJuuPE""]"
4975 Chester Street,Vancouver,"$1,598,800",4,2,2,0,2,1839,6044.64,1950,House/Single Family / Rancher/Bungalow w/Bsmt.,Freehold NonStrata,Vancouver East,V5W 3A7,"Location, location, location. Rarely available 56 x 107.94 feet lot in popular ""Fraser"" area with well looked after family home. Original hardwood floors upstairs, reno done, including kitchen, in 2003. Spacious 2 bedrooms upstairs and potential 2 bedroom downstairs. The backyard offers a sunny west exposure with a nice deck, 261sf. for entertaining. Quiet, beautifully tree-lined street, family friendly neighbourhood. Great schools, parks, minutes to transit, shopping and amenities offered on Fraser Street. Please don't disturb the owner. First showing sneak peek Thurs. April 21st, 6-7PM, open house Sat/Sun, April 23rd & 24th from 2-4. Offers (if any) will be presented on Tuesday, April 26th @ 7PM.",0,Fully Finished,4790.36,,79,1,"April 18, 2016 11:11 pm","[""https://photos.lilypad.ca/4975-chester-street-vancouver-R2058665-2.jpg?2016-04-18+19%3A28%3A00"", ""https://photos.lilypad.ca/4975-chester-street-vancouver-R2058665-3.jpg?2016-04-18+19%3A28%3A00"", ""https://photos.lilypad.ca/4975-chester-street-vancouver-R2058665-4.jpg?2016-04-18+19%3A28%3A00"", ""https://photos.lilypad.ca/4975-chester-street-vancouver-R2058665-5.jpg?2016-04-18+19%3A28%3A00"", ""https://photos.lilypad.ca/4975-chester-street-vancouver-R2058665-6.jpg?2016-04-18+19%3A28%3A00"", ""https://photos.lilypad.ca/4975-chester-street-vancouver-R2058665-7.jpg?2016-04-18+19%3A28%3A00"", ""https://photos.lilypad.ca/4975-chester-street-vancouver-R2058665-8.jpg?2016-04-18+19%3A28%3A00"", ""https://photos.lilypad.ca/4975-chester-street-vancouver-R2058665-9.jpg?2016-04-18+19%3A28%3A00"", ""https://photos.lilypad.ca/4975-chester-street-vancouver-R2058665-10.jpg?2016-04-18+19%3A28%3A00"", ""https://photos.lilypad.ca/4975-chester-street-vancouver-R2058665-11.jpg?2016-04-18+19%3A28%3A00"", ""https://photos.lilypad.ca/4975-chester-street-vancouver-R2058665-12.jpg?2016-04-18+19%3A28%3A00"", ""https://photos.lilypad.ca/4975-chester-street-vancouver-R2058665-13.jpg?2016-04-18+19%3A28%3A00"", ""https://photos.lilypad.ca/4975-chester-street-vancouver-R2058665-14.jpg?2016-04-18+19%3A28%3A00"", ""https://photos.lilypad.ca/4975-chester-street-vancouver-R2058665-15.jpg?2016-04-18+19%3A28%3A00"", ""https://photos.lilypad.ca/4975-chester-street-vancouver-R2058665-16.jpg?2016-04-18+19%3A28%3A00"", ""https://photos.lilypad.ca/4975-chester-street-vancouver-R2058665-17.jpg?2016-04-18+19%3A28%3A00"", ""https://photos.lilypad.ca/4975-chester-street-vancouver-R2058665-18.jpg?2016-04-18+19%3A28%3A00"", ""https://photos.lilypad.ca/4975-chester-street-vancouver-R2058665-19.jpg?2016-04-18+19%3A28%3A00"", ""https://photos.lilypad.ca/4975-chester-street-vancouver-R2058665-20.jpg?2016-04-18+19%3A28%3A00""]"
6218 Oak Street,Vancouver,"$3,499,000",6,3,3,0,2,4680,8320,1967,House/Single Family / Rancher/Bungalow w/Bsmt.,Freehold NonStrata,Vancouver West,V6M 2W4,"POTENTIAL ASSEMBLE for prestigious Oak St luxurious townhomes. Rare find this remodeled home in prime South Granville sitting on over 8300 sf corner lot, offering 46450 sf of functional living spaces. Updates include showers, appliances, flooring & spotlights on main floor. Sun deck for your morning coffee looking over beautiful mountains. Basement comes with a separate 2 bedrooms 1 bath suite with a full kitchen and laundry which makes a great in-law/guest suite or rental suite as a mortgage helper. Top school catchment - Jamieson Elementary and Eric Hamber Secondary. Close to transit, shopping & eateries. A must see!",0,"Full, Fully Finished",7587.44,,74,4,"April 19, 2016 10:07 pm","[""http://maps.googleapis.com/maps/api/streetview?size=470x380&location=6218 Oak Street  Vancouver, V6M 2W4&sensor=false&fov=70&key=AIzaSyAFiN68UFakXeUjLPb7oAsw3OxToWJuuPE""]"
4010 Inverness Street,Vancouver,"$1,339,000",3,1,1,0,2,1806,3180,1926,House/Single Family / 2 Storey,Freehold NonStrata,Vancouver East,V5V 4W5,"Right in the heart of the desirable Knight/Cedar Cottage area on one of the city's prettiest streets you will find this charming 3 Bedroom character home. Inside you will find hardwood floors throughout with an updated kitchen with stainless steel appliances, updated bathroom and a newer roof. The basement is easily suitable with its own entrance. Located on a corner R-10 zoned lot this home is central to everything, walking distance to Charles Dickens Elementary and Charles Tupper, transit and shopping . This is an excellent holding property, development opportunity, rental investment or family home with a future mortgage helper. First showing Thursday April 21 3:00-5:00 and Open House Saturday April 23 2:00-4:00.",0,"Full, Partly Finished, Separate Entry",4096.72,,91,1,"April 19, 2016 7:56 pm","[""https://photos.lilypad.ca/4010-inverness-street-vancouver-R2058484-2.jpg?2016-04-18+20%3A24%3A00"", ""https://photos.lilypad.ca/4010-inverness-street-vancouver-R2058484-3.jpg?2016-04-18+20%3A24%3A00"", ""https://photos.lilypad.ca/4010-inverness-street-vancouver-R2058484-4.jpg?2016-04-18+20%3A24%3A00"", ""https://photos.lilypad.ca/4010-inverness-street-vancouver-R2058484-5.jpg?2016-04-18+20%3A24%3A00"", ""https://photos.lilypad.ca/4010-inverness-street-vancouver-R2058484-6.jpg?2016-04-18+20%3A24%3A00"", ""https://photos.lilypad.ca/4010-inverness-street-vancouver-R2058484-7.jpg?2016-04-18+20%3A24%3A00"", ""https://photos.lilypad.ca/4010-inverness-street-vancouver-R2058484-8.jpg?2016-04-18+20%3A24%3A00"", ""https://photos.lilypad.ca/4010-inverness-street-vancouver-R2058484-9.jpg?2016-04-18+20%3A24%3A00"", ""https://photos.lilypad.ca/4010-inverness-street-vancouver-R2058484-10.jpg?2016-04-18+20%3A24%3A00"", ""https://photos.lilypad.ca/4010-inverness-street-vancouver-R2058484-11.jpg?2016-04-18+20%3A24%3A00"", ""https://photos.lilypad.ca/4010-inverness-street-vancouver-R2058484-12.jpg?2016-04-18+20%3A24%3A00"", ""https://photos.lilypad.ca/4010-inverness-street-vancouver-R2058484-13.jpg?2016-04-18+20%3A24%3A00"", ""https://photos.lilypad.ca/4010-inverness-street-vancouver-R2058484-14.jpg?2016-04-18+20%3A24%3A00"", ""https://photos.lilypad.ca/4010-inverness-street-vancouver-R2058484-15.jpg?2016-04-18+20%3A24%3A00"", ""https://photos.lilypad.ca/4010-inverness-street-vancouver-R2058484-16.jpg?2016-04-18+20%3A24%3A00""]"
3562 Bella Vista Street,Vancouver,"$2,199,000",5,2,2,0,2,2456,4433,1910,House/Single Family / 2 Storey,Freehold NonStrata,Vancouver East,V5N 3W9,"Investor's dream lot! This RT10 Duplex-zoned lot is 4433 SF with 50' frontage, and some views of mountains & downtown. Very central location, near shopping and skytrain station. a quiet tree-lined street less than 15 mins to downtown. The house is a 3 bdrm, 1 bath in the main floor. And one bed, one living rental uint in basement. A lot of updates, two years new roof, and hot water tank less than 5 years, nice wood floor. You won't miss this one.",0,Full,4870.48,,88,7,"April 19, 2016 7:17 pm","[""https://photos.lilypad.ca/3562-bella-vista-street-vancouver-R2058283-2.jpg?2016-04-19+19%3A17%3A00"", ""https://photos.lilypad.ca/3562-bella-vista-street-vancouver-R2058283-3.jpg?2016-04-19+19%3A17%3A00"", ""https://photos.lilypad.ca/3562-bella-vista-street-vancouver-R2058283-4.jpg?2016-04-19+19%3A17%3A00"", ""https://photos.lilypad.ca/3562-bella-vista-street-vancouver-R2058283-5.jpg?2016-04-19+19%3A17%3A00"", ""https://photos.lilypad.ca/3562-bella-vista-street-vancouver-R2058283-6.jpg?2016-04-19+19%3A17%3A00"", ""https://photos.lilypad.ca/3562-bella-vista-street-vancouver-R2058283-7.jpg?2016-04-19+19%3A17%3A00"", ""https://photos.lilypad.ca/3562-bella-vista-street-vancouver-R2058283-8.jpg?2016-04-19+19%3A17%3A00"", ""https://photos.lilypad.ca/3562-bella-vista-street-vancouver-R2058283-9.jpg?2016-04-19+19%3A17%3A00"", ""https://photos.lilypad.ca/3562-bella-vista-street-vancouver-R2058283-10.jpg?2016-04-19+19%3A17%3A00"", ""https://photos.lilypad.ca/3562-bella-vista-street-vancouver-R2058283-11.jpg?2016-04-19+19%3A17%3A00"", ""https://photos.lilypad.ca/3562-bella-vista-street-vancouver-R2058283-12.jpg?2016-04-19+19%3A17%3A00"", ""https://photos.lilypad.ca/3562-bella-vista-street-vancouver-R2058283-13.jpg?2016-04-19+19%3A17%3A00"", ""https://photos.lilypad.ca/3562-bella-vista-street-vancouver-R2058283-14.jpg?2016-04-19+19%3A17%3A00"", ""https://photos.lilypad.ca/3562-bella-vista-street-vancouver-R2058283-15.jpg?2016-04-19+19%3A17%3A00"", ""https://photos.lilypad.ca/3562-bella-vista-street-vancouver-R2058283-16.jpg?2016-04-19+19%3A17%3A00"", ""https://photos.lilypad.ca/3562-bella-vista-street-vancouver-R2058283-17.jpg?2016-04-19+19%3A17%3A00""]"
6698 Brooks Street,Vancouver,"$2,198,000",5,5,5,0,3,2747,4589,2008,House/Single Family / 2 Storey w/Bsmt.,Freehold NonStrata,Vancouver East,V5S 3J5,"Custom built home locate on a tree lined street in the heart of Killarney area. Super well kept 8 year home just like new. Features such as $35,000 Euroline custom windows, spacious living rooms, a lot of skyline, well design floor plan. OPEN HOUSE: Saturday and Sunday, April 30th and May 1st, 2:00-4:00pm.",0,Crawl,5956.65,,65,4,"April 19, 2016 10:14 pm",[]
2213 Renfrew Street,Vancouver,"$1,368,000",5,3,3,0,2,2368,4026,1960,House/Single Family / 2 Storey,Freehold NonStrata,Vancouver East,V5M 3J6,Amazingly quiet in a great location. This Full brick house has a very functional floor plan and is a short walk to the sky train and schools. It also boasts an amazing west facing back deck and 2 garages off the quiet back lane. Full ceiling height in the basement which makes it easy to add a suite. You can personalize it and call it home! This is a must see house. School Catchment: Chief Maquinna Elementary & Vancouver Technical Secondary. Call for you private appointment!,0,Fully Finished,3697.38,,75,4,"April 15, 2016 5:23 pm","[""https://photos.lilypad.ca/2213-renfrew-street-vancouver-R2057941-2.jpg?2016-04-15+17%3A23%3A00"", ""https://photos.lilypad.ca/2213-renfrew-street-vancouver-R2057941-3.jpg?2016-04-15+17%3A23%3A00"", ""https://photos.lilypad.ca/2213-renfrew-street-vancouver-R2057941-4.jpg?2016-04-15+17%3A23%3A00"", ""https://photos.lilypad.ca/2213-renfrew-street-vancouver-R2057941-5.jpg?2016-04-15+17%3A23%3A00"", ""https://photos.lilypad.ca/2213-renfrew-street-vancouver-R2057941-6.jpg?2016-04-15+17%3A23%3A00"", ""https://photos.lilypad.ca/2213-renfrew-street-vancouver-R2057941-7.jpg?2016-04-15+17%3A23%3A00"", ""https://photos.lilypad.ca/2213-renfrew-street-vancouver-R2057941-8.jpg?2016-04-15+17%3A23%3A00"", ""https://photos.lilypad.ca/2213-renfrew-street-vancouver-R2057941-9.jpg?2016-04-15+17%3A23%3A00"", ""https://photos.lilypad.ca/2213-renfrew-street-vancouver-R2057941-10.jpg?2016-04-15+17%3A23%3A00"", ""https://photos.lilypad.ca/2213-renfrew-street-vancouver-R2057941-11.jpg?2016-04-15+17%3A23%3A00"", ""https://photos.lilypad.ca/2213-renfrew-street-vancouver-R2057941-12.jpg?2016-04-15+17%3A23%3A00"", ""https://photos.lilypad.ca/2213-renfrew-street-vancouver-R2057941-13.jpg?2016-04-15+17%3A23%3A00"", ""https://photos.lilypad.ca/2213-renfrew-street-vancouver-R2057941-14.jpg?2016-04-15+17%3A23%3A00"", ""https://photos.lilypad.ca/2213-renfrew-street-vancouver-R2057941-15.jpg?2016-04-15+17%3A23%3A00"", ""https://photos.lilypad.ca/2213-renfrew-street-vancouver-R2057941-16.jpg?2016-04-15+17%3A23%3A00"", ""https://photos.lilypad.ca/2213-renfrew-street-vancouver-R2057941-17.jpg?2016-04-15+17%3A23%3A00"", ""https://photos.lilypad.ca/2213-renfrew-street-vancouver-R2057941-18.jpg?2016-04-15+17%3A23%3A00""]"