103-2910 Ontario Street,Vancouver,"$369,000",1,1,1,0,1,682,,1976,Apartment/Condo,Freehold Strata,Vancouver East,V5T 2Y6,"[""Welcome home to this bright and beautiful ground floor unit. This spacious one bedroom with ceramic tiles, wood floors, gas fireplace in this corner unit with large private patio for your BBQ's and entertaining. It comes with 1 parking and 1 storage locker. Just 2 blocks away from Main street with restaurants, shopping and transportation. First Showing at the open house Saturday & Sunday, April 23rd & 24th from 2-4 pm.""]",1,,1171.27,318.34,96,1,"April 18, 2016 11:09 pm","[""http://maps.googleapis.com/maps/api/streetview?size=470x380&location=2910 Ontario Street  Vancouver, V5T 2Y6&sensor=false&fov=70&key=AIzaSyAFiN68UFakXeUjLPb7oAsw3OxToWJuuPE""]"
1503-2688 West Mall,Vancouver,"$908,800",2,2,2,0,1,990,,2005,Apartment/Condo,Leasehold prepaid-Strata,Vancouver West,V6T 2J8,"[""Unobstructed ocean & mountain views. Luxury, quality concrete building by Polygon, 2 bedroom + den and balcony home at UBC close to University of BC, University Hill Secondary School, Norma Rose Point Elementary school, public transit, Pacific Spirit Park and Botanical Gardens. New laminate flooring and wall paint renovated in Apr, 2016. Fireplace, open kitchen, Bosch appliances, granite countertops, 2 secured parking & 1 storage locker. Elegant 2-storey lobby, exercise room, concierge service. Must come and see! Open house: Apr 23 (Sat) & Apr 24 (Sun) 2 pm to 4 pm""]",0,,2130.05,385.08,60,2,"April 19, 2016 8:19 am","[""https://photos.lilypad.ca/1503-2688-west-mall-vancouver-R2058852-2.jpg?2016-04-19+08%3A11%3A00"", ""https://photos.lilypad.ca/1503-2688-west-mall-vancouver-R2058852-3.jpg?2016-04-19+08%3A11%3A00"", ""https://photos.lilypad.ca/1503-2688-west-mall-vancouver-R2058852-4.jpg?2016-04-19+08%3A11%3A00"", ""https://photos.lilypad.ca/1503-2688-west-mall-vancouver-R2058852-5.jpg?2016-04-19+08%3A11%3A00"", ""https://photos.lilypad.ca/1503-2688-west-mall-vancouver-R2058852-6.jpg?2016-04-19+08%3A11%3A00"", ""https://photos.lilypad.ca/1503-2688-west-mall-vancouver-R2058852-7.jpg?2016-04-19+08%3A11%3A00"", ""https://photos.lilypad.ca/1503-2688-west-mall-vancouver-R2058852-8.jpg?2016-04-19+08%3A11%3A00"", ""https://photos.lilypad.ca/1503-2688-west-mall-vancouver-R2058852-9.jpg?2016-04-19+08%3A11%3A00"", ""https://photos.lilypad.ca/1503-2688-west-mall-vancouver-R2058852-10.jpg?2016-04-19+08%3A11%3A00"", ""https://photos.lilypad.ca/1503-2688-west-mall-vancouver-R2058852-11.jpg?2016-04-19+08%3A11%3A00"", ""https://photos.lilypad.ca/1503-2688-west-mall-vancouver-R2058852-12.jpg?2016-04-19+08%3A11%3A00"", ""https://photos.lilypad.ca/1503-2688-west-mall-vancouver-R2058852-13.jpg?2016-04-19+08%3A11%3A00""]"
3207-688 Abbott Street,Vancouver,"$729,000",2,2,2,0,1,885,,2007,Apartment/Condo,Freehold Strata,Vancouver West,V6B 0B9,"[""2 bedroom comfortable apartment unit located in the heart of Vancouver. Beautiful view of downtown and Northshore. Minutes away to Tinseltown, public bus and skytrain, GM Place, park and school.""]",1,,2170.7,407.12,98,1,"April 19, 2016 4:55 pm","[""http://maps.googleapis.com/maps/api/streetview?size=470x380&location=688 Abbott Street  Vancouver, V6B 0B9&sensor=false&fov=70&key=AIzaSyAFiN68UFakXeUjLPb7oAsw3OxToWJuuPE""]"
1501-3588 Crowley Drive,Vancouver,"$379,000",1,1,1,0,1,594,,2003,Apartment/Condo,Freehold Strata,Vancouver East,V5R 6H3,"[""Rentals 100% allowed. Gorgeous unobstructed POSTCARD view of North shore mountains. Well kept spacious 1 BR condo, a balcony, walking distance (5 minutes) to Joyce/Collingwood station. A Gym, Social room/Club house & underground secured parking. Playground, Tennis/basketball courts & 3 parks nearby. Close to Metrotown, Crystal Mall, Metropolis, Central Park, Kingsway. Perfect for Rental property/Investor, First time buyers, retirement & students.""]",0,,1042.93,186.08,86,4,"April 19, 2016 10:08 pm","[""https://photos.lilypad.ca/1501-3588-crowley-drive-vancouver-R2058201-2.jpg?2016-04-15+23%3A56%3A00"", ""https://photos.lilypad.ca/1501-3588-crowley-drive-vancouver-R2058201-3.jpg?2016-04-15+23%3A56%3A00"", ""https://photos.lilypad.ca/1501-3588-crowley-drive-vancouver-R2058201-4.jpg?2016-04-15+23%3A56%3A00"", ""https://photos.lilypad.ca/1501-3588-crowley-drive-vancouver-R2058201-5.jpg?2016-04-15+23%3A56%3A00"", ""https://photos.lilypad.ca/1501-3588-crowley-drive-vancouver-R2058201-6.jpg?2016-04-15+23%3A56%3A00"", ""https://photos.lilypad.ca/1501-3588-crowley-drive-vancouver-R2058201-7.jpg?2016-04-15+23%3A56%3A00"", ""https://photos.lilypad.ca/1501-3588-crowley-drive-vancouver-R2058201-8.jpg?2016-04-15+23%3A56%3A00"", ""https://photos.lilypad.ca/1501-3588-crowley-drive-vancouver-R2058201-9.jpg?2016-04-15+23%3A56%3A00"", ""https://photos.lilypad.ca/1501-3588-crowley-drive-vancouver-R2058201-10.jpg?2016-04-15+23%3A56%3A00"", ""https://photos.lilypad.ca/1501-3588-crowley-drive-vancouver-R2058201-11.jpg?2016-04-15+23%3A56%3A00"", ""https://photos.lilypad.ca/1501-3588-crowley-drive-vancouver-R2058201-12.jpg?2016-04-15+23%3A56%3A00""]"
303-1367 Alberni Street,Vancouver,"$358,000",0,1,1,0,1,400,,1999,Apartment/Condo,Freehold Strata,Vancouver West,V6E 4R9,"[""The Lions is a prestigious Landmark complex consisting of two of the more architecturally interesting towers in Coal Harbour. Situated adjacent to Robson Street, Downtown and Coal Harbour, it is but a short walk to Stanley Park, shopping or theater going Downtown. With amazing amenities, bright southern exposure, efficient layout with ensuite storage and a locker room off the parkade. The suite itself is small, yes, but broad in features, with a quiet view over Albemi Street up to Robson, Down to Stanley Park, and up to downtown. Full Bath, Parking, Locker, In Suite Storage and full Kitchen, you have everything you need. Live or Rent, its up to you! Incredible value in today's market! (No Balcony). 3 Elevators, wheelchair access."", ""The Lions is a prestigious Landmark complex consisting of two of the more architecturally interesting towers in Coal Harbour. Situated adjacent to Robson Street, Downtown and Coal Harbour, it is but a short walk to Stanley Park, shopping or theater going Downtown. With amazing amenities, bright southern exposure, efficient layout with ensuite storage and a locker room off the parkade. The suite itself is small, yes, but broad in features, with a quiet view over Albemi Street up to Robson, Down to Stanley Park, and up to downtown. Full Bath, Parking, Locker, In Suite Storage and full Kitchen, you have everything you need. Live or Rent, its up to you! Incredible value in today's market! (No Balcony), 3 Elevators, wheelchair access.""]",0,,880.3,200.52,98,1,"April 18, 2016 10:54 pm","[""https://photos.lilypad.ca/303-1367-alberni-street-vancouver-R2058814-2.jpg?2016-04-18+22%3A29%3A00"", ""https://photos.lilypad.ca/303-1367-alberni-street-vancouver-R2058814-3.jpg?2016-04-18+22%3A29%3A00"", ""https://photos.lilypad.ca/303-1367-alberni-street-vancouver-R2058814-4.jpg?2016-04-18+22%3A29%3A00"", ""https://photos.lilypad.ca/303-1367-alberni-street-vancouver-R2058814-5.jpg?2016-04-18+22%3A29%3A00"", ""https://photos.lilypad.ca/303-1367-alberni-street-vancouver-R2058814-6.jpg?2016-04-18+22%3A29%3A00"", ""https://photos.lilypad.ca/303-1367-alberni-street-vancouver-R2058814-7.jpg?2016-04-18+22%3A29%3A00"", ""https://photos.lilypad.ca/303-1367-alberni-street-vancouver-R2058814-8.jpg?2016-04-18+22%3A29%3A00"", ""https://photos.lilypad.ca/303-1367-alberni-street-vancouver-R2058814-9.jpg?2016-04-18+22%3A29%3A00"", ""https://photos.lilypad.ca/303-1367-alberni-street-vancouver-R2058814-10.jpg?2016-04-18+22%3A29%3A00"", ""https://photos.lilypad.ca/303-1367-alberni-street-vancouver-R2058814-11.jpg?2016-04-18+22%3A29%3A00"", ""https://photos.lilypad.ca/303-1367-alberni-street-vancouver-R2058814-12.jpg?2016-04-18+22%3A29%3A00"", ""https://photos.lilypad.ca/303-1367-alberni-street-vancouver-R2058814-13.jpg?2016-04-18+22%3A29%3A00"", ""https://photos.lilypad.ca/303-1367-alberni-street-vancouver-R2058814-14.jpg?2016-04-18+22%3A29%3A00"", ""https://photos.lilypad.ca/303-1367-alberni-street-vancouver-R2058814-15.jpg?2016-04-18+22%3A29%3A00"", ""https://photos.lilypad.ca/303-1367-alberni-street-vancouver-R2058814-16.jpg?2016-04-18+22%3A29%3A00"", ""https://photos.lilypad.ca/303-1367-alberni-street-vancouver-R2058814-17.jpg?2016-04-18+22%3A29%3A00"", ""https://photos.lilypad.ca/303-1367-alberni-street-vancouver-R2058814-18.jpg?2016-04-18+22%3A29%3A00"", ""https://photos.lilypad.ca/303-1367-alberni-street-vancouver-R2058814-19.jpg?2016-04-18+22%3A29%3A00""]"
2106-1723 Alberni Street,Vancouver,"$679,000",1,1,1,0,1,684,,1997,Apartment/Condo,Freehold Strata,Vancouver West,V6G 3G9,"[""Welcome to the 21st floor of \u201CThe Park\u201D. Absolutely Prime Location with Iconic Vancouver views to English Bay, Stanley Park, Lost Lagoon, Coal Harbour and North Shore Mountains. This large 684 sq ft 1 bedroom plus sunroom, plus den is considered the best floorplan and position within this outstanding building. Walk straight out your door to access Stanley park, Coal Harbour, the West End, English Bay and all the amenities that make Vancouver great! This home has been tastefully updated and is move-in ready with engineered hardwood floors, stainless appliances, custom lighting, gas fireplace, floor to ceiling windows and modern decor. A private one car garage and adjoining storage locker is a great plus to make this a very executive home. This building is pet friendly and rentals are okay""]",1,,1848.99,341,96,4,"April 19, 2016 10:10 pm","[""https://photos.lilypad.ca/2106-1723-alberni-street-vancouver-R2058189-2.jpg?2016-04-17+16%3A26%3A00"", ""https://photos.lilypad.ca/2106-1723-alberni-street-vancouver-R2058189-3.jpg?2016-04-17+16%3A26%3A00"", ""https://photos.lilypad.ca/2106-1723-alberni-street-vancouver-R2058189-4.jpg?2016-04-17+16%3A26%3A00"", ""https://photos.lilypad.ca/2106-1723-alberni-street-vancouver-R2058189-5.jpg?2016-04-17+16%3A26%3A00"", ""https://photos.lilypad.ca/2106-1723-alberni-street-vancouver-R2058189-6.jpg?2016-04-17+16%3A26%3A00"", ""https://photos.lilypad.ca/2106-1723-alberni-street-vancouver-R2058189-7.jpg?2016-04-17+16%3A26%3A00"", ""https://photos.lilypad.ca/2106-1723-alberni-street-vancouver-R2058189-8.jpg?2016-04-17+16%3A26%3A00"", ""https://photos.lilypad.ca/2106-1723-alberni-street-vancouver-R2058189-9.jpg?2016-04-17+16%3A26%3A00"", ""https://photos.lilypad.ca/2106-1723-alberni-street-vancouver-R2058189-10.jpg?2016-04-17+16%3A26%3A00"", ""https://photos.lilypad.ca/2106-1723-alberni-street-vancouver-R2058189-11.jpg?2016-04-17+16%3A26%3A00"", ""https://photos.lilypad.ca/2106-1723-alberni-street-vancouver-R2058189-12.jpg?2016-04-17+16%3A26%3A00"", ""https://photos.lilypad.ca/2106-1723-alberni-street-vancouver-R2058189-13.jpg?2016-04-17+16%3A26%3A00"", ""https://photos.lilypad.ca/2106-1723-alberni-street-vancouver-R2058189-14.jpg?2016-04-17+16%3A26%3A00"", ""https://photos.lilypad.ca/2106-1723-alberni-street-vancouver-R2058189-15.jpg?2016-04-17+16%3A26%3A00"", ""https://photos.lilypad.ca/2106-1723-alberni-street-vancouver-R2058189-16.jpg?2016-04-17+16%3A26%3A00"", ""https://photos.lilypad.ca/2106-1723-alberni-street-vancouver-R2058189-17.jpg?2016-04-17+16%3A26%3A00"", ""https://photos.lilypad.ca/2106-1723-alberni-street-vancouver-R2058189-18.jpg?2016-04-17+16%3A26%3A00"", ""https://photos.lilypad.ca/2106-1723-alberni-street-vancouver-R2058189-19.jpg?2016-04-17+16%3A26%3A00"", ""https://photos.lilypad.ca/2106-1723-alberni-street-vancouver-R2058189-20.jpg?2016-04-17+16%3A26%3A00""]"
405-5989 Iona Drive,Vancouver,"$590,000",1,1,1,0,1,696,,2007,Apartment/Condo,Freehold Strata,Vancouver West,V6T 2L7,"[""Well built concrete building by Intracorp at spectacular Chancellor Place in UBC across from multi-million estates. A rarely available NE facing unit with breathtaking views of mountain and ocean. Newly painted and carpeted. This 1 bedroom unit offers a well designed, spacious floor plan. Gourmet kitchen w/granite countertops and S/S appliances. Gas fireplace. 1 parking, 1 storage locker, large laundry room. In U-Hill school catchment, BC's top school,. A walk away from Chan Centre and UBC amenities. Great condition. Shows well. Move in ready!""]",1,,1231.63,221.37,61,1,"April 19, 2016 12:47 am","[""http://maps.googleapis.com/maps/api/streetview?size=470x380&location=5989 Iona Drive  Vancouver, V6T 2L7&sensor=false&fov=70&key=AIzaSyAFiN68UFakXeUjLPb7oAsw3OxToWJuuPE""]"
302-5025 Joyce Street,Vancouver,"$449,000",2,2,2,0,1,761,,2006,Apartment/Condo,Freehold Strata,Vancouver East,V5R 4G7,"[""Collingwood/Joyce area. Bright spacious (2 bed + 2 baths) + den/solarium, Penthouse. Open concept, high ceiling with skylights. Granite countertops, fireplace, quality finishing, laminate hardwood floor. Steps to Joyce skytrain and quiet. Underground parking. Pets & rentals allowed. Open April 30th & May 1st, 2-4pm.""]",1,,1071.2,330,80,8,"April 14, 2016 8:00 pm","[""http://maps.googleapis.com/maps/api/streetview?size=470x380&location=5025 Joyce Street  Vancouver, V5R 4G7&sensor=false&fov=70&key=AIzaSyAFiN68UFakXeUjLPb7oAsw3OxToWJuuPE""]"
102-3680 Oak Street,Vancouver,"$359,000",1,1,1,0,1,670,,1972,Apartment/Condo,Freehold Strata,Vancouver West,V6H 2M2,"[""Look no further . . . Welcome to Glen Oaks: Boutique 8 unit building at Douglas Park on wonderfully situated at Oak & 21st. Come visit this updated large 670 SF 1 bedroom home with own entrance (Like a townhouse) and outdoor patio. This community building is better than new with a proud proactive ownership with all the major updates: Depreciation report 2013, Plumbing 2011, roof 2006, balcony membrane & painting 2014, new windows throughout 2016, NO Smoking building. Maintenance fees include heat, hot water & laundry too! 1 dog or 2 cats 1 rental allowed. 1 parking & 1 secured storage. Option to install W/D, steps to VGH, groceries, restaurants and parks. Book your private viewing today. OH Sat/Sun, April 23/24, 2-4pm. 1st showing Wed Apr.20 12-1pm"", ""Look no further . . . Welcome to Glen Oaks: Boutique 8 unit building at Douglas Park on wonderfully situated at Oak & 21st. Come visit this updated large 670 SF 1 bedroom home with own entrance (Like a townhouse) and outdoor patio. This community building is better than new with a proud proactive ownership with all the major updates: Depreciation report 2013, Plumbing 2011, roof 2006, balcony membrane & painting 2014, new windows throughout 2016, NO Smoking building. Maintenance fees include heat, hot water & laundry too! 1 dog or 2 cats 1 rental allowed. 1 parking & 1 secured storage. Option to install W/D, steps to VGH, groceries, restaurants and parks. Book your private viewing today. OH Sat/Sun, April 23/24, 2-4pm. 1st showing Wed Apr.20 12-1pm""]",0,,951.72,274.8,88,1,"April 19, 2016 10:54 pm","[""https://photos.lilypad.ca/102-3680-oak-street-vancouver-R2058526-2.jpg?2016-04-19+04%3A43%3A00"", ""https://photos.lilypad.ca/102-3680-oak-street-vancouver-R2058526-3.jpg?2016-04-19+04%3A43%3A00"", ""https://photos.lilypad.ca/102-3680-oak-street-vancouver-R2058526-4.jpg?2016-04-19+04%3A43%3A00"", ""https://photos.lilypad.ca/102-3680-oak-street-vancouver-R2058526-5.jpg?2016-04-19+04%3A43%3A00"", ""https://photos.lilypad.ca/102-3680-oak-street-vancouver-R2058526-6.jpg?2016-04-19+04%3A43%3A00"", ""https://photos.lilypad.ca/102-3680-oak-street-vancouver-R2058526-7.jpg?2016-04-19+04%3A43%3A00"", ""https://photos.lilypad.ca/102-3680-oak-street-vancouver-R2058526-8.jpg?2016-04-19+04%3A43%3A00"", ""https://photos.lilypad.ca/102-3680-oak-street-vancouver-R2058526-9.jpg?2016-04-19+04%3A43%3A00"", ""https://photos.lilypad.ca/102-3680-oak-street-vancouver-R2058526-10.jpg?2016-04-19+04%3A43%3A00"", ""https://photos.lilypad.ca/102-3680-oak-street-vancouver-R2058526-11.jpg?2016-04-19+04%3A43%3A00"", ""https://photos.lilypad.ca/102-3680-oak-street-vancouver-R2058526-12.jpg?2016-04-19+04%3A43%3A00"", ""https://photos.lilypad.ca/102-3680-oak-street-vancouver-R2058526-13.jpg?2016-04-19+04%3A43%3A00"", ""https://photos.lilypad.ca/102-3680-oak-street-vancouver-R2058526-14.jpg?2016-04-19+04%3A43%3A00"", ""https://photos.lilypad.ca/102-3680-oak-street-vancouver-R2058526-15.jpg?2016-04-19+04%3A43%3A00"", ""https://photos.lilypad.ca/102-3680-oak-street-vancouver-R2058526-16.jpg?2016-04-19+04%3A43%3A00"", ""https://photos.lilypad.ca/102-3680-oak-street-vancouver-R2058526-17.jpg?2016-04-19+04%3A43%3A00"", ""https://photos.lilypad.ca/102-3680-oak-street-vancouver-R2058526-18.jpg?2016-04-19+04%3A43%3A00"", ""https://photos.lilypad.ca/102-3680-oak-street-vancouver-R2058526-19.jpg?2016-04-19+04%3A43%3A00"", ""https://photos.lilypad.ca/102-3680-oak-street-vancouver-R2058526-20.jpg?2016-04-19+04%3A43%3A00""]"
900-1919 Beach Avenue,Vancouver,"$5,200,000",3,3,2,1,1,2679,,1991,Apartment/Condo,Freehold Strata,Vancouver West,V6G 1Z2,"[""Spectacular Ocean, Beach and Sunset views with sunny southern exposure are to be enjoyed from this exceptional waterfront home. Luxury living at its best with only one unit on a floor in the exclusive Eugenia Place. The private elevator lobby opens to 2,679 Sq.Ft of luxurious living with 3 Bedrooms, 3 Baths, Den with custom mahogany cabinets, entertainment-size living and dining rooms, Solarium with wet bar & large laundry room, 3 decks, 3 parkings, storage. Hot yoga sauna room, exercise room and a grand foyer, live-in caretaker. Bring your decorating idea for this one of a kind unit just outside Stanley Park and English Bay Beach. The Best location for watching the fireworks from your room and balcony.""]",1,,11751.5,2050,93,1,"April 18, 2016 8:28 pm","[""https://photos.lilypad.ca/900-1919-beach-avenue-vancouver-R2058566-2.jpg?2016-04-18+18%3A12%3A00"", ""https://photos.lilypad.ca/900-1919-beach-avenue-vancouver-R2058566-3.jpg?2016-04-18+18%3A12%3A00"", ""https://photos.lilypad.ca/900-1919-beach-avenue-vancouver-R2058566-4.jpg?2016-04-18+18%3A12%3A00"", ""https://photos.lilypad.ca/900-1919-beach-avenue-vancouver-R2058566-5.jpg?2016-04-18+18%3A12%3A00"", ""https://photos.lilypad.ca/900-1919-beach-avenue-vancouver-R2058566-6.jpg?2016-04-18+18%3A12%3A00"", ""https://photos.lilypad.ca/900-1919-beach-avenue-vancouver-R2058566-7.jpg?2016-04-18+18%3A12%3A00"", ""https://photos.lilypad.ca/900-1919-beach-avenue-vancouver-R2058566-8.jpg?2016-04-18+18%3A12%3A00"", ""https://photos.lilypad.ca/900-1919-beach-avenue-vancouver-R2058566-9.jpg?2016-04-18+18%3A12%3A00"", ""https://photos.lilypad.ca/900-1919-beach-avenue-vancouver-R2058566-10.jpg?2016-04-18+18%3A12%3A00"", ""https://photos.lilypad.ca/900-1919-beach-avenue-vancouver-R2058566-11.jpg?2016-04-18+18%3A12%3A00"", ""https://photos.lilypad.ca/900-1919-beach-avenue-vancouver-R2058566-12.jpg?2016-04-18+18%3A12%3A00"", ""https://photos.lilypad.ca/900-1919-beach-avenue-vancouver-R2058566-13.jpg?2016-04-18+18%3A12%3A00"", ""https://photos.lilypad.ca/900-1919-beach-avenue-vancouver-R2058566-14.jpg?2016-04-18+18%3A12%3A00"", ""https://photos.lilypad.ca/900-1919-beach-avenue-vancouver-R2058566-15.jpg?2016-04-18+18%3A12%3A00"", ""https://photos.lilypad.ca/900-1919-beach-avenue-vancouver-R2058566-16.jpg?2016-04-18+18%3A12%3A00"", ""https://photos.lilypad.ca/900-1919-beach-avenue-vancouver-R2058566-17.jpg?2016-04-18+18%3A12%3A00"", ""https://photos.lilypad.ca/900-1919-beach-avenue-vancouver-R2058566-18.jpg?2016-04-18+18%3A12%3A00"", ""https://photos.lilypad.ca/900-1919-beach-avenue-vancouver-R2058566-19.jpg?2016-04-18+18%3A12%3A00"", ""https://photos.lilypad.ca/900-1919-beach-avenue-vancouver-R2058566-20.jpg?2016-04-18+18%3A12%3A00""]"
305-1661 Ontario Street,Vancouver,"$755,000",1,1,1,0,2,863,,2010,Apartment/Condo,Freehold Strata,Vancouver West,V5Y 0C3,"[""Welcome to Sails: One of the Village on False Creeks higher end developments. With full access to the Gold medal club this 860~ sq foot large 1 bed and den is perfect for that young professional or couple looking to purchase and live comfortably. Featuring over height ceilings, high end Sub Zero and Miele appliances this 1 bedroom lives spaciously with dual vanity sinks in the ensuite with separate shower and bath tub. Full access to the exclusive gold medal club offers indoor pools, hot tub , sauna , steam and change rooms, with a fitness facility ontop of the gym you have in your very own building. Open houses April 19th 10-12pm , April 23 and 24 from 12-4pm."", ""Welcome to Sails: One of the Village on False Creeks higher end developments. With full access to the Gold medal club this 860~ sq foot large 1 bed and den is perfect for that young professional or couple looking to purchase and live comfortably. Featuring over height ceilings, high end Sub Zero and Miele appliances this 1 bedroom lives spaciously with dual vanity sinks in the ensuite with separate shower and bath tub. Full access to the exclusive gold medal club offers indoor pools, hot tub , sauna , steam and change rooms, with a fitness facility ontop of the gym you have in your very own building. Open houses April 19th 10-12pm , April 23 and 24 from 12-4pm.""]",0,,1640.75,472.51,96,1,"April 18, 2016 10:11 pm","[""https://photos.lilypad.ca/305-1661-ontario-street-vancouver-R2058618-2.jpg?2016-04-18+18%3A18%3A00"", ""https://photos.lilypad.ca/305-1661-ontario-street-vancouver-R2058618-3.jpg?2016-04-18+18%3A18%3A00"", ""https://photos.lilypad.ca/305-1661-ontario-street-vancouver-R2058618-4.jpg?2016-04-18+18%3A18%3A00"", ""https://photos.lilypad.ca/305-1661-ontario-street-vancouver-R2058618-5.jpg?2016-04-18+18%3A18%3A00"", ""https://photos.lilypad.ca/305-1661-ontario-street-vancouver-R2058618-6.jpg?2016-04-18+18%3A18%3A00"", ""https://photos.lilypad.ca/305-1661-ontario-street-vancouver-R2058618-7.jpg?2016-04-18+18%3A18%3A00"", ""https://photos.lilypad.ca/305-1661-ontario-street-vancouver-R2058618-8.jpg?2016-04-18+18%3A18%3A00"", ""https://photos.lilypad.ca/305-1661-ontario-street-vancouver-R2058618-9.jpg?2016-04-18+18%3A18%3A00"", ""https://photos.lilypad.ca/305-1661-ontario-street-vancouver-R2058618-10.jpg?2016-04-18+18%3A18%3A00"", ""https://photos.lilypad.ca/305-1661-ontario-street-vancouver-R2058618-11.jpg?2016-04-18+18%3A18%3A00"", ""https://photos.lilypad.ca/305-1661-ontario-street-vancouver-R2058618-12.jpg?2016-04-18+18%3A18%3A00"", ""https://photos.lilypad.ca/305-1661-ontario-street-vancouver-R2058618-13.jpg?2016-04-18+18%3A18%3A00"", ""https://photos.lilypad.ca/305-1661-ontario-street-vancouver-R2058618-14.jpg?2016-04-18+18%3A18%3A00"", ""https://photos.lilypad.ca/305-1661-ontario-street-vancouver-R2058618-15.jpg?2016-04-18+18%3A18%3A00"", ""https://photos.lilypad.ca/305-1661-ontario-street-vancouver-R2058618-16.jpg?2016-04-18+18%3A18%3A00"", ""https://photos.lilypad.ca/305-1661-ontario-street-vancouver-R2058618-17.jpg?2016-04-18+18%3A18%3A00"", ""https://photos.lilypad.ca/305-1661-ontario-street-vancouver-R2058618-18.jpg?2016-04-18+18%3A18%3A00"", ""https://photos.lilypad.ca/305-1661-ontario-street-vancouver-R2058618-19.jpg?2016-04-18+18%3A18%3A00"", ""https://photos.lilypad.ca/305-1661-ontario-street-vancouver-R2058618-20.jpg?2016-04-18+18%3A18%3A00""]"
2600-1280 Richards Street,Vancouver,"$3,950,000",3,3,3,0,1,2605,,2008,Apartment/Condo,Freehold Strata,Vancouver West,V6B 1S2,"[""Rarely available, one-of-a kind, Full Floor unit of 2,605 sf at The Grace Residences. 3 Bed + 3 Bath + Den. The Open plan features Hardwood, Marble and Tile flooring throughout, high end appliances & finishings, wine fridge, private elevator access w/ fingerprint security opening up directly into your suite. True floor-to-ceiling windows offering 360 degree views of Mountains, False Creek, English Bay and Downtown Vancouver. Enjoy sunrises and sunsets from 2 large balconies, North & South facing, a rarity in the City! 3 parking stalls & Storage Locker included. Showing by Appointment Only.""]",1,,10761.6,1200,98,1,"April 19, 2016 10:17 pm","[""https://photos.lilypad.ca/2600-1280-richards-street-vancouver-R2059178-2.jpg?2016-04-19+19%3A16%3A00"", ""https://photos.lilypad.ca/2600-1280-richards-street-vancouver-R2059178-3.jpg?2016-04-19+19%3A16%3A00"", ""https://photos.lilypad.ca/2600-1280-richards-street-vancouver-R2059178-4.jpg?2016-04-19+19%3A16%3A00"", ""https://photos.lilypad.ca/2600-1280-richards-street-vancouver-R2059178-5.jpg?2016-04-19+19%3A16%3A00"", ""https://photos.lilypad.ca/2600-1280-richards-street-vancouver-R2059178-6.jpg?2016-04-19+19%3A16%3A00"", ""https://photos.lilypad.ca/2600-1280-richards-street-vancouver-R2059178-7.jpg?2016-04-19+19%3A16%3A00"", ""https://photos.lilypad.ca/2600-1280-richards-street-vancouver-R2059178-8.jpg?2016-04-19+19%3A16%3A00"", ""https://photos.lilypad.ca/2600-1280-richards-street-vancouver-R2059178-9.jpg?2016-04-19+19%3A16%3A00"", ""https://photos.lilypad.ca/2600-1280-richards-street-vancouver-R2059178-10.jpg?2016-04-19+19%3A16%3A00"", ""https://photos.lilypad.ca/2600-1280-richards-street-vancouver-R2059178-11.jpg?2016-04-19+19%3A16%3A00"", ""https://photos.lilypad.ca/2600-1280-richards-street-vancouver-R2059178-12.jpg?2016-04-19+19%3A16%3A00"", ""https://photos.lilypad.ca/2600-1280-richards-street-vancouver-R2059178-13.jpg?2016-04-19+19%3A16%3A00"", ""https://photos.lilypad.ca/2600-1280-richards-street-vancouver-R2059178-14.jpg?2016-04-19+19%3A16%3A00"", ""https://photos.lilypad.ca/2600-1280-richards-street-vancouver-R2059178-15.jpg?2016-04-19+19%3A16%3A00"", ""https://photos.lilypad.ca/2600-1280-richards-street-vancouver-R2059178-16.jpg?2016-04-19+19%3A16%3A00"", ""https://photos.lilypad.ca/2600-1280-richards-street-vancouver-R2059178-17.jpg?2016-04-19+19%3A16%3A00"", ""https://photos.lilypad.ca/2600-1280-richards-street-vancouver-R2059178-18.jpg?2016-04-19+19%3A16%3A00"", ""https://photos.lilypad.ca/2600-1280-richards-street-vancouver-R2059178-19.jpg?2016-04-19+19%3A16%3A00"", ""https://photos.lilypad.ca/2600-1280-richards-street-vancouver-R2059178-20.jpg?2016-04-19+19%3A16%3A00""]"
204-3289 Riverwalk Avenue,Vancouver,"$539,900",2,2,2,0,1,959,,2017,Apartment/Condo,Freehold Strata,Vancouver East,V5S 0B8,"[""R+ R by Polygon, a boutique collection of riverside residences in Vancouver's River District. This coveted south facing 2 bed, 2 bath home features bedrooms at opposite ends of the residence to maximize privacy and tranquility. Ensuite boasts a walk-in rain shower with integrated bench seating, double vanities and a convenient linen closet. The kitchen sparkles with brand name appliances and marble accents. As the River District continues to blossom, new grocers, banks, cafes and parks will also be coming soon. Sales Centre is located at 3202 Riverwalk Ave. just off of Kinross Street.""]",0,,0,394.5,22,5,"April 17, 2016 2:29 am","[""https://photos.lilypad.ca/204-3289-riverwalk-avenue-vancouver-R2058111-2.jpg?2016-04-17+02%3A29%3A00"", ""https://photos.lilypad.ca/204-3289-riverwalk-avenue-vancouver-R2058111-3.jpg?2016-04-17+02%3A29%3A00""]"
1603-8588 Cornish Street,Vancouver,"$1,680,000",3,2,2,0,1,1315,,2014,Apartment/Condo,Freehold Strata,Vancouver West,V6P 0C1,"[""West-side living at its best in the brand-new \""Granville at 70th\"" building by Westbank, Canada's leading luxury developer. This three-bedroom-plus-den home has great natural light coming through its floor-to-ceiling windows. Unobstructed water views are visible from this open living space. The floor plan features three bedrooms with three bathrooms and a den with windows right off of the kitchen. Top-of-the-line finishing options include Miele appliances (including washer / dryer), walnut-engineered hardwood floors, heated marble floors in bathrooms, and much more. The building amenities include a 24-hour concierge, gym, theatre room, steam room, lounge, and three meeting rooms.""]",0,,3864.14,496.53,87,4,"April 16, 2016 3:11 am","[""https://photos.lilypad.ca/1603-8588-cornish-street-vancouver-R2058141-2.jpg?2016-04-16+02%3A15%3A00"", ""https://photos.lilypad.ca/1603-8588-cornish-street-vancouver-R2058141-3.jpg?2016-04-16+02%3A15%3A00"", ""https://photos.lilypad.ca/1603-8588-cornish-street-vancouver-R2058141-4.jpg?2016-04-16+02%3A15%3A00"", ""https://photos.lilypad.ca/1603-8588-cornish-street-vancouver-R2058141-5.jpg?2016-04-16+02%3A15%3A00"", ""https://photos.lilypad.ca/1603-8588-cornish-street-vancouver-R2058141-6.jpg?2016-04-16+02%3A15%3A00"", ""https://photos.lilypad.ca/1603-8588-cornish-street-vancouver-R2058141-7.jpg?2016-04-16+02%3A15%3A00"", ""https://photos.lilypad.ca/1603-8588-cornish-street-vancouver-R2058141-8.jpg?2016-04-16+02%3A15%3A00"", ""https://photos.lilypad.ca/1603-8588-cornish-street-vancouver-R2058141-9.jpg?2016-04-16+02%3A15%3A00"", ""https://photos.lilypad.ca/1603-8588-cornish-street-vancouver-R2058141-10.jpg?2016-04-16+02%3A15%3A00"", ""https://photos.lilypad.ca/1603-8588-cornish-street-vancouver-R2058141-11.jpg?2016-04-16+02%3A15%3A00"", ""https://photos.lilypad.ca/1603-8588-cornish-street-vancouver-R2058141-12.jpg?2016-04-16+02%3A15%3A00"", ""https://photos.lilypad.ca/1603-8588-cornish-street-vancouver-R2058141-13.jpg?2016-04-16+02%3A15%3A00"", ""https://photos.lilypad.ca/1603-8588-cornish-street-vancouver-R2058141-14.jpg?2016-04-16+02%3A15%3A00"", ""https://photos.lilypad.ca/1603-8588-cornish-street-vancouver-R2058141-15.jpg?2016-04-16+02%3A15%3A00"", ""https://photos.lilypad.ca/1603-8588-cornish-street-vancouver-R2058141-16.jpg?2016-04-16+02%3A15%3A00"", ""https://photos.lilypad.ca/1603-8588-cornish-street-vancouver-R2058141-17.jpg?2016-04-16+02%3A15%3A00""]"
406-5725 Agronomy Road,Vancouver,"$688,000",2,2,2,0,1,892,,2006,Apartment/Condo,Leasehold prepaid-Strata,Vancouver West,V6T 1L9,"[""Bright and well kept (by first owner) 2 bedroom/ 2 bathroom Penthouse (9 feet ceiling) at Glenlloyd Park by Polygon. This NW facing unit has a great view of beautifully landscaped courtyard. Private and quiet. Open kitchen with maple cabinet, granite counter top, stainless steel appliances. Best school catchment University Hill Elementary & High School. Enjoy all the programs and amenities of UBC campus. Steps to shopping, parks & bus loop and UBC main campus. No UBC service levy. No rental restriction.""]",1,,1123.04,282.22,84,4,"April 18, 2016 10:40 pm",[]
906-5775 Hampton Place,Vancouver,"$549,900",1,1,1,0,1,786,,1994,Apartment/Condo,Leasehold prepaid-Strata,Vancouver West,V6T 2G6,"[""Welcome to the Chatham! Concrete highrise. Bright and spacious 786 sf south east 1 bedroom with open den. Enjoy a beautiful outlook to gardens and forest view from your spacious balcony. Well maintained suite, will newer engineered hardwood flooring and cozy gas fireplace in your living room. Fabulous amenities includes, lovely gardens, indoor pool, jacuzzi, sauna, fitness studio, lounge with pool table and library, guest suite, visitor parking and live in manager. Pet and rental friendly. 2 side by side parking and 1 locker. Tranquil lifestyle, being steps to trails, parks, recreation, but also having all the conveniences at your doorstep of shopping, restaurants, recreation, transit and UBC. By appointment only."", ""Welcome to the Chatham! Concrete highrise. Bright and spacious 786 sf south east 1 bedroom with open den. Enjoy a beautiful outlook to gardens and forest view from your spacious balcony. Well maintained suite, will newer engineered hardwood flooring and cozy gas fireplace in your living room. Fabulous amenities includes, lovely gardens, indoor pool, jacuzzi, sauna, fitness studio, lounge with pool table and library, guest suite, visitor parking and live in manager. Pet and rental friendly. 2 side by side parking and 1 locker. Tranquil lifestyle, being steps to trails, parks, recreation, but also having all the conveniences at your doorstep of shopping, restaurants, recreation, transit and UBC. By appointment only.""]",1,,1105.74,325.85,67,5,"April 18, 2016 12:20 am","[""https://photos.lilypad.ca/906-5775-hampton-place-vancouver-R2057660-2.jpg?2016-04-15+15%3A06%3A00"", ""https://photos.lilypad.ca/906-5775-hampton-place-vancouver-R2057660-3.jpg?2016-04-15+15%3A06%3A00"", ""https://photos.lilypad.ca/906-5775-hampton-place-vancouver-R2057660-4.jpg?2016-04-15+15%3A06%3A00"", ""https://photos.lilypad.ca/906-5775-hampton-place-vancouver-R2057660-5.jpg?2016-04-15+15%3A06%3A00"", ""https://photos.lilypad.ca/906-5775-hampton-place-vancouver-R2057660-6.jpg?2016-04-15+15%3A06%3A00"", ""https://photos.lilypad.ca/906-5775-hampton-place-vancouver-R2057660-7.jpg?2016-04-15+15%3A06%3A00"", ""https://photos.lilypad.ca/906-5775-hampton-place-vancouver-R2057660-8.jpg?2016-04-15+15%3A06%3A00"", ""https://photos.lilypad.ca/906-5775-hampton-place-vancouver-R2057660-9.jpg?2016-04-15+15%3A06%3A00"", ""https://photos.lilypad.ca/906-5775-hampton-place-vancouver-R2057660-10.jpg?2016-04-15+15%3A06%3A00"", ""https://photos.lilypad.ca/906-5775-hampton-place-vancouver-R2057660-11.jpg?2016-04-15+15%3A06%3A00"", ""https://photos.lilypad.ca/906-5775-hampton-place-vancouver-R2057660-12.jpg?2016-04-15+15%3A06%3A00"", ""https://photos.lilypad.ca/906-5775-hampton-place-vancouver-R2057660-13.jpg?2016-04-15+15%3A06%3A00"", ""https://photos.lilypad.ca/906-5775-hampton-place-vancouver-R2057660-14.jpg?2016-04-15+15%3A06%3A00"", ""https://photos.lilypad.ca/906-5775-hampton-place-vancouver-R2057660-15.jpg?2016-04-15+15%3A06%3A00"", ""https://photos.lilypad.ca/906-5775-hampton-place-vancouver-R2057660-16.jpg?2016-04-15+15%3A06%3A00"", ""https://photos.lilypad.ca/906-5775-hampton-place-vancouver-R2057660-17.jpg?2016-04-15+15%3A06%3A00"", ""https://photos.lilypad.ca/906-5775-hampton-place-vancouver-R2057660-18.jpg?2016-04-15+15%3A06%3A00"", ""https://photos.lilypad.ca/906-5775-hampton-place-vancouver-R2057660-19.jpg?2016-04-15+15%3A06%3A00"", ""https://photos.lilypad.ca/906-5775-hampton-place-vancouver-R2057660-20.jpg?2016-04-15+15%3A06%3A00""]"
302-1438 Richards Street,Vancouver,"$938,000",2,2,2,0,1,1143,,2004,Apartment/Condo,Freehold Strata,Vancouver West,V6Z 3B8,"[""LUXURY, LOCATION, LIFESTYLE. A truly exceptional home situated in one of Downtown's most highly sought after communities, Beach Crescent. Stunning, South exposed corner suite w/ floor to ceiling windows & an absolutely exceptional layout. Open concept kitchen/living/dining area is ideal for entertaining & boasts breakfast bar, S/S appliances & gas stove. Separated bedrooms, master has double closets w/ ensuite bathroom. Fantastic den perfect for a home office. Custom closets throughout, upgraded flooring, paint, faucets, crown moulding, baseboards, master tub & so much more. Large insuite storage. Suite overlooks lush green garden & blossoming trees. Resort Style amenities at Club Viva & a phenomenal waterfront location right on Seawall & George Wainborn park. Open Sat 2-4 & Sun 1-3."", ""LUXURY, LOCATION, LIFESTYLE. A truly exceptional home situated in one of Downtown's most highly sought after communities, Beach Crescent. Stunning, South exposed corner suite w/ floor to ceiling windows & an absolutely exceptional layout. Open concept kitchen/living/dining area is ideal for entertaining & boasts breakfast bar, S/S appliances & gas stove. Separated bedrooms, master has double closets w/ ensuite bathroom. Fantastic den would make a perfect home office. Custom closets throughout, upgraded flooring, paint, faucets, crown moulding, baseboards, master tub & so much more. Large insuite storage. Suite overlooks lush green garden & blossoming trees. Resort Style amenities at Club Viva & a phenomenal waterfront location right on Seawall & George Wainborn park. Must be seen! Open Sat 2-4PM & Sun 1-3PM.""]",0,,2453.54,529.61,97,1,"April 19, 2016 6:59 pm","[""https://photos.lilypad.ca/302-1438-richards-street-vancouver-R2058486-2.jpg?2016-04-18+16%3A42%3A00"", ""https://photos.lilypad.ca/302-1438-richards-street-vancouver-R2058486-3.jpg?2016-04-18+16%3A42%3A00"", ""https://photos.lilypad.ca/302-1438-richards-street-vancouver-R2058486-4.jpg?2016-04-18+16%3A42%3A00"", ""https://photos.lilypad.ca/302-1438-richards-street-vancouver-R2058486-5.jpg?2016-04-18+16%3A42%3A00"", ""https://photos.lilypad.ca/302-1438-richards-street-vancouver-R2058486-6.jpg?2016-04-18+16%3A42%3A00"", ""https://photos.lilypad.ca/302-1438-richards-street-vancouver-R2058486-7.jpg?2016-04-18+16%3A42%3A00"", ""https://photos.lilypad.ca/302-1438-richards-street-vancouver-R2058486-8.jpg?2016-04-18+16%3A42%3A00"", ""https://photos.lilypad.ca/302-1438-richards-street-vancouver-R2058486-9.jpg?2016-04-18+16%3A42%3A00"", ""https://photos.lilypad.ca/302-1438-richards-street-vancouver-R2058486-10.jpg?2016-04-18+16%3A42%3A00"", ""https://photos.lilypad.ca/302-1438-richards-street-vancouver-R2058486-11.jpg?2016-04-18+16%3A42%3A00"", ""https://photos.lilypad.ca/302-1438-richards-street-vancouver-R2058486-12.jpg?2016-04-18+16%3A42%3A00"", ""https://photos.lilypad.ca/302-1438-richards-street-vancouver-R2058486-13.jpg?2016-04-18+16%3A42%3A00"", ""https://photos.lilypad.ca/302-1438-richards-street-vancouver-R2058486-14.jpg?2016-04-18+16%3A42%3A00"", ""https://photos.lilypad.ca/302-1438-richards-street-vancouver-R2058486-15.jpg?2016-04-18+16%3A42%3A00"", ""https://photos.lilypad.ca/302-1438-richards-street-vancouver-R2058486-16.jpg?2016-04-18+16%3A42%3A00"", ""https://photos.lilypad.ca/302-1438-richards-street-vancouver-R2058486-17.jpg?2016-04-18+16%3A42%3A00"", ""https://photos.lilypad.ca/302-1438-richards-street-vancouver-R2058486-18.jpg?2016-04-18+16%3A42%3A00"", ""https://photos.lilypad.ca/302-1438-richards-street-vancouver-R2058486-19.jpg?2016-04-18+16%3A42%3A00"", ""https://photos.lilypad.ca/302-1438-richards-street-vancouver-R2058486-20.jpg?2016-04-18+16%3A42%3A00""]"
1901-1331 Alberni Street,Vancouver,"$549,000",1,1,1,0,1,592,,1999,Apartment/Condo,Freehold Strata,Vancouver West,V6E 4S1,"[""The Lions Best Location in Vancouver Downtown. 1 Bedroom + Den (has window and can be another bedroom) with some Coal Harbour Water and Mountain View! Great open concept layout with hardwood floors. Ensuite Storage. 1 parking and 1 storage. Open Houses: Sat & Sun, April 23rd & 24th, 2-4 PM.""]",0,,1417.66,298.1,98,5,"April 19, 2016 4:44 pm","[""https://photos.lilypad.ca/1901-1331-alberni-street-vancouver-R2058163-2.jpg?2016-04-19+16%3A44%3A00"", ""https://photos.lilypad.ca/1901-1331-alberni-street-vancouver-R2058163-3.jpg?2016-04-19+16%3A44%3A00"", ""https://photos.lilypad.ca/1901-1331-alberni-street-vancouver-R2058163-4.jpg?2016-04-19+16%3A44%3A00"", ""https://photos.lilypad.ca/1901-1331-alberni-street-vancouver-R2058163-5.jpg?2016-04-19+16%3A44%3A00"", ""https://photos.lilypad.ca/1901-1331-alberni-street-vancouver-R2058163-6.jpg?2016-04-19+16%3A44%3A00"", ""https://photos.lilypad.ca/1901-1331-alberni-street-vancouver-R2058163-7.jpg?2016-04-19+16%3A44%3A00"", ""https://photos.lilypad.ca/1901-1331-alberni-street-vancouver-R2058163-8.jpg?2016-04-19+16%3A44%3A00"", ""https://photos.lilypad.ca/1901-1331-alberni-street-vancouver-R2058163-9.jpg?2016-04-19+16%3A44%3A00"", ""https://photos.lilypad.ca/1901-1331-alberni-street-vancouver-R2058163-10.jpg?2016-04-19+16%3A44%3A00"", ""https://photos.lilypad.ca/1901-1331-alberni-street-vancouver-R2058163-11.jpg?2016-04-19+16%3A44%3A00"", ""https://photos.lilypad.ca/1901-1331-alberni-street-vancouver-R2058163-12.jpg?2016-04-19+16%3A44%3A00"", ""https://photos.lilypad.ca/1901-1331-alberni-street-vancouver-R2058163-13.jpg?2016-04-19+16%3A44%3A00"", ""https://photos.lilypad.ca/1901-1331-alberni-street-vancouver-R2058163-14.jpg?2016-04-19+16%3A44%3A00"", ""https://photos.lilypad.ca/1901-1331-alberni-street-vancouver-R2058163-15.jpg?2016-04-19+16%3A44%3A00"", ""https://photos.lilypad.ca/1901-1331-alberni-street-vancouver-R2058163-16.jpg?2016-04-19+16%3A44%3A00"", ""https://photos.lilypad.ca/1901-1331-alberni-street-vancouver-R2058163-17.jpg?2016-04-19+16%3A44%3A00"", ""https://photos.lilypad.ca/1901-1331-alberni-street-vancouver-R2058163-18.jpg?2016-04-19+16%3A44%3A00"", ""https://photos.lilypad.ca/1901-1331-alberni-street-vancouver-R2058163-19.jpg?2016-04-19+16%3A44%3A00""]"
1206-120 Milross Avenue,Vancouver,"$1,200,000",2,2,2,0,1,1360,,2004,Apartment/Condo,Freehold Strata,Vancouver East,V6A 4K7,"[""PANORAMIC WATER & CITY VIEWS from this absolutely breathtaking home in False Creek's Brighton by BOSA. Corner suite w/ floor to ceiling windows providing the most sought after direct views of DT, False Creek & NShore Mtns. Unbelievable amount of living space - over 1350 sqft + large balcony. Two spacious bedrooms with Master that boasts mountain views, walk-in closet & large ensuite bathroom. Huge den would make a perfect nursery, guest space, wine room or home office with a view. Upgraded flooring, paint, bathroom countertops & sinks, dishwasher and roller blinds. 2 prkg + storage locker. Brighton is an excellent building w/ gym, meeting room & pool. Steps to Seawall, parks & the convenience of Olympic Village & Chinatown. Sneak peek Thurs 5:30-6:30, Open Sun 2-4 or call to view!"", ""PANORAMIC WATER & CITY VIEWS from this absolutely breathtaking home in False Creek's Brighton by BOSA. From almost anywhere you stand, this corner suite with floor to ceiling windows provides one of Vancouver\u2019s most sought after views of DT, False Creek and westerly sunsets. Unbelievable amount of interior living space measuring over 1300sqft with a large balcony. 2 great sized bedrooms plus a spacious den - perfect for a nursery, guest quarters, wine room, or home office with a view. Master boasts mountain views, walk-in closet & large ensuite bathroom with tub & shower. Upgraded flooring, paint, bathroom countertops & sinks, dishwasher and roller blinds. 2 prkg + storage locker. Brighton is an excellent building with gym, meeting room & pool. Steps to the Seawall, countless parks and all the conveniences of Olympic Village & Chinatown. Sure to take your breath away! Sneak Peek, Thursday 5:30-6:30, Open House Sunday 2-4 or call to view!""]",1,,2962.62,667.77,97,1,"April 19, 2016 4:42 pm","[""https://photos.lilypad.ca/1206-120-milross-avenue-vancouver-R2059204-2.jpg?2016-04-19+16%3A42%3A00"", ""https://photos.lilypad.ca/1206-120-milross-avenue-vancouver-R2059204-3.jpg?2016-04-19+16%3A42%3A00"", ""https://photos.lilypad.ca/1206-120-milross-avenue-vancouver-R2059204-4.jpg?2016-04-19+16%3A42%3A00"", ""https://photos.lilypad.ca/1206-120-milross-avenue-vancouver-R2059204-5.jpg?2016-04-19+16%3A42%3A00"", ""https://photos.lilypad.ca/1206-120-milross-avenue-vancouver-R2059204-6.jpg?2016-04-19+16%3A42%3A00"", ""https://photos.lilypad.ca/1206-120-milross-avenue-vancouver-R2059204-7.jpg?2016-04-19+16%3A42%3A00"", ""https://photos.lilypad.ca/1206-120-milross-avenue-vancouver-R2059204-8.jpg?2016-04-19+16%3A42%3A00"", ""https://photos.lilypad.ca/1206-120-milross-avenue-vancouver-R2059204-9.jpg?2016-04-19+16%3A42%3A00"", ""https://photos.lilypad.ca/1206-120-milross-avenue-vancouver-R2059204-10.jpg?2016-04-19+16%3A42%3A00"", ""https://photos.lilypad.ca/1206-120-milross-avenue-vancouver-R2059204-11.jpg?2016-04-19+16%3A42%3A00"", ""https://photos.lilypad.ca/1206-120-milross-avenue-vancouver-R2059204-12.jpg?2016-04-19+16%3A42%3A00"", ""https://photos.lilypad.ca/1206-120-milross-avenue-vancouver-R2059204-13.jpg?2016-04-19+16%3A42%3A00"", ""https://photos.lilypad.ca/1206-120-milross-avenue-vancouver-R2059204-14.jpg?2016-04-19+16%3A42%3A00"", ""https://photos.lilypad.ca/1206-120-milross-avenue-vancouver-R2059204-15.jpg?2016-04-19+16%3A42%3A00"", ""https://photos.lilypad.ca/1206-120-milross-avenue-vancouver-R2059204-16.jpg?2016-04-19+16%3A42%3A00"", ""https://photos.lilypad.ca/1206-120-milross-avenue-vancouver-R2059204-17.jpg?2016-04-19+16%3A42%3A00"", ""https://photos.lilypad.ca/1206-120-milross-avenue-vancouver-R2059204-18.jpg?2016-04-19+16%3A42%3A00"", ""https://photos.lilypad.ca/1206-120-milross-avenue-vancouver-R2059204-19.jpg?2016-04-19+16%3A42%3A00""]"
107-3289 Riverwalk Avenue,Vancouver,"$519,900",2,2,2,0,1,903,,2017,Apartment/Condo,Freehold Strata,Vancouver East,V5S 0B8,"[""Ideally situated at the centre of Greater Vancouver, R+R by Polygon features a limited collection of 99 riverside residences. This spacious 2-bed home if filled with designer details including a gourmet kitchen with Bosch appliances and marble accents, generous storage and closet spaces, and a spa-style rain shower with integrated seating. Steps from lush green spaces, cycling paths, riverside walkways and a pier. Retail and restaurants are also coming soon. Sales Centre is located at 3202 Riverwalk Ave just off Kinross Street.""]",0,,0,372.33,22,5,"April 17, 2016 2:26 am","[""https://photos.lilypad.ca/107-3289-riverwalk-avenue-vancouver-R2058013-2.jpg?2016-04-17+02%3A26%3A00"", ""https://photos.lilypad.ca/107-3289-riverwalk-avenue-vancouver-R2058013-3.jpg?2016-04-17+02%3A26%3A00""]"
2103-188 Keefer Place,Vancouver,"$699,900",2,2,2,0,1,1023,,2009,Apartment/Condo,Freehold Strata,Vancouver West,V6B 0J1,"[""Welcome to Espana! This North facing 2 bed + solarium corner unit is sure to impress! Features include an efficient floor plan, expansive floor to ceiling windows for plenty of natural light, stainless steel appliances, separate wine cooler/fridge & sleek granite countertops throughout. Enjoy and take in the STUNNING VIEWS of the North Shore mountain, water & city from every room in this home! Amenities include an indoor swimming pool, sauna/steam room & gym. AMAZING location with a walkscore of 98! Steps to the skytrain, various bus routes, Costco, T&T Supermarket, BC Place, Rogers Arena, Chinatown, Gastown, seawall, downtown core & so much more. 1 parking stall included. Call today for a private showing. OPEN HOUSE: Saturday & Sunday, April 23rd/24th, 2-4pm.""]",1,,2149.5,446.45,98,1,"April 19, 2016 8:49 pm","[""https://photos.lilypad.ca/2103-188-keefer-place-vancouver-R2058723-2.jpg?2016-04-18+21%3A44%3A00"", ""https://photos.lilypad.ca/2103-188-keefer-place-vancouver-R2058723-3.jpg?2016-04-18+21%3A44%3A00"", ""https://photos.lilypad.ca/2103-188-keefer-place-vancouver-R2058723-4.jpg?2016-04-18+21%3A44%3A00"", ""https://photos.lilypad.ca/2103-188-keefer-place-vancouver-R2058723-5.jpg?2016-04-18+21%3A44%3A00"", ""https://photos.lilypad.ca/2103-188-keefer-place-vancouver-R2058723-6.jpg?2016-04-18+21%3A44%3A00"", ""https://photos.lilypad.ca/2103-188-keefer-place-vancouver-R2058723-7.jpg?2016-04-18+21%3A44%3A00"", ""https://photos.lilypad.ca/2103-188-keefer-place-vancouver-R2058723-8.jpg?2016-04-18+21%3A44%3A00"", ""https://photos.lilypad.ca/2103-188-keefer-place-vancouver-R2058723-9.jpg?2016-04-18+21%3A44%3A00"", ""https://photos.lilypad.ca/2103-188-keefer-place-vancouver-R2058723-10.jpg?2016-04-18+21%3A44%3A00"", ""https://photos.lilypad.ca/2103-188-keefer-place-vancouver-R2058723-11.jpg?2016-04-18+21%3A44%3A00"", ""https://photos.lilypad.ca/2103-188-keefer-place-vancouver-R2058723-12.jpg?2016-04-18+21%3A44%3A00"", ""https://photos.lilypad.ca/2103-188-keefer-place-vancouver-R2058723-13.jpg?2016-04-18+21%3A44%3A00"", ""https://photos.lilypad.ca/2103-188-keefer-place-vancouver-R2058723-14.jpg?2016-04-18+21%3A44%3A00"", ""https://photos.lilypad.ca/2103-188-keefer-place-vancouver-R2058723-15.jpg?2016-04-18+21%3A44%3A00"", ""https://photos.lilypad.ca/2103-188-keefer-place-vancouver-R2058723-16.jpg?2016-04-18+21%3A44%3A00"", ""https://photos.lilypad.ca/2103-188-keefer-place-vancouver-R2058723-17.jpg?2016-04-18+21%3A44%3A00"", ""https://photos.lilypad.ca/2103-188-keefer-place-vancouver-R2058723-18.jpg?2016-04-18+21%3A44%3A00"", ""https://photos.lilypad.ca/2103-188-keefer-place-vancouver-R2058723-19.jpg?2016-04-18+21%3A44%3A00"", ""https://photos.lilypad.ca/2103-188-keefer-place-vancouver-R2058723-20.jpg?2016-04-18+21%3A44%3A00""]"
1316-938 Smithe Street,Vancouver,"$549,999",1,1,1,0,1,612,,2005,Apartment/Condo,Freehold Strata,Vancouver West,V6Z 3H8,"[""Quiet & peaceful garden view apartment in the heart of the city! Welcome to \""Electric Avenue\"" built by Bosa - This roomy 1 bedroom & DEN + private balcony includes 1 PARKING spot, open concept kitchen, granite counter tops, insuite laundry, walk-through closet & stainless steel appliances. Enjoy 2 charming garden courtyards, concierge service, a private theatre room & fitness centre. Step outside your front door and you'll find the ScotiaBank Theatres, Earls, Starbucks, Tim Hortons, and more. With a 'Walk Score' of 99 you can walk, bike or skytrain anywhere within minutes. Perfect for first time home buyers or investors. Don't miss out - call/text for a private viewing. OPEN HOUSE Sunday April 24th from 3:00PM to 5:00PM.""]",0,,1357.76,239.35,99,1,"April 19, 2016 7:27 pm","[""https://photos.lilypad.ca/1316-938-smithe-street-vancouver-R2059179-2.jpg?2016-04-19+19%3A27%3A00"", ""https://photos.lilypad.ca/1316-938-smithe-street-vancouver-R2059179-3.jpg?2016-04-19+19%3A27%3A00"", ""https://photos.lilypad.ca/1316-938-smithe-street-vancouver-R2059179-4.jpg?2016-04-19+19%3A27%3A00"", ""https://photos.lilypad.ca/1316-938-smithe-street-vancouver-R2059179-5.jpg?2016-04-19+19%3A27%3A00"", ""https://photos.lilypad.ca/1316-938-smithe-street-vancouver-R2059179-6.jpg?2016-04-19+19%3A27%3A00"", ""https://photos.lilypad.ca/1316-938-smithe-street-vancouver-R2059179-7.jpg?2016-04-19+19%3A27%3A00"", ""https://photos.lilypad.ca/1316-938-smithe-street-vancouver-R2059179-8.jpg?2016-04-19+19%3A27%3A00"", ""https://photos.lilypad.ca/1316-938-smithe-street-vancouver-R2059179-9.jpg?2016-04-19+19%3A27%3A00"", ""https://photos.lilypad.ca/1316-938-smithe-street-vancouver-R2059179-10.jpg?2016-04-19+19%3A27%3A00"", ""https://photos.lilypad.ca/1316-938-smithe-street-vancouver-R2059179-11.jpg?2016-04-19+19%3A27%3A00"", ""https://photos.lilypad.ca/1316-938-smithe-street-vancouver-R2059179-12.jpg?2016-04-19+19%3A27%3A00"", ""https://photos.lilypad.ca/1316-938-smithe-street-vancouver-R2059179-13.jpg?2016-04-19+19%3A27%3A00"", ""https://photos.lilypad.ca/1316-938-smithe-street-vancouver-R2059179-14.jpg?2016-04-19+19%3A27%3A00"", ""https://photos.lilypad.ca/1316-938-smithe-street-vancouver-R2059179-15.jpg?2016-04-19+19%3A27%3A00"", ""https://photos.lilypad.ca/1316-938-smithe-street-vancouver-R2059179-16.jpg?2016-04-19+19%3A27%3A00""]"
1307-821 Cambie Street,Vancouver,"$518,000",1,1,1,0,1,565,,2008,Apartment/Condo,Freehold Strata,Vancouver West,V6B 0E3,"[""Rarely available '07' 1 bedroom & den condo in the luxury concrete tower, Raffles on Robson. Extremely well managed building, high end appliances/fixtures, gas range. Sleek 'New York' style tiled bathrooms with separate shower/tub & rain shower head. Gorgeous city & corridor water views of False Creek from the generous sized West facing balcony. Located within the entertainment/tech & library district, trendy restaurants & eateries, cafes, shopping, BC Place, IGA & transit. Fitness Centre, hot tub, concierge & bike room. Perfect for investors as Raffles attracts top quality tenants. One parking stall included. Open Fri 1030-noon & Apr 23/24th Sat/Sun 2-4pm.""]",0,,1425,252,98,1,"April 19, 2016 4:09 pm","[""https://photos.lilypad.ca/1307-821-cambie-street-vancouver-R2058502-2.jpg?2016-04-18+20%3A02%3A00"", ""https://photos.lilypad.ca/1307-821-cambie-street-vancouver-R2058502-3.jpg?2016-04-18+20%3A02%3A00"", ""https://photos.lilypad.ca/1307-821-cambie-street-vancouver-R2058502-4.jpg?2016-04-18+20%3A02%3A00"", ""https://photos.lilypad.ca/1307-821-cambie-street-vancouver-R2058502-5.jpg?2016-04-18+20%3A02%3A00"", ""https://photos.lilypad.ca/1307-821-cambie-street-vancouver-R2058502-6.jpg?2016-04-18+20%3A02%3A00"", ""https://photos.lilypad.ca/1307-821-cambie-street-vancouver-R2058502-7.jpg?2016-04-18+20%3A02%3A00"", ""https://photos.lilypad.ca/1307-821-cambie-street-vancouver-R2058502-8.jpg?2016-04-18+20%3A02%3A00"", ""https://photos.lilypad.ca/1307-821-cambie-street-vancouver-R2058502-9.jpg?2016-04-18+20%3A02%3A00"", ""https://photos.lilypad.ca/1307-821-cambie-street-vancouver-R2058502-10.jpg?2016-04-18+20%3A02%3A00"", ""https://photos.lilypad.ca/1307-821-cambie-street-vancouver-R2058502-11.jpg?2016-04-18+20%3A02%3A00"", ""https://photos.lilypad.ca/1307-821-cambie-street-vancouver-R2058502-12.jpg?2016-04-18+20%3A02%3A00"", ""https://photos.lilypad.ca/1307-821-cambie-street-vancouver-R2058502-13.jpg?2016-04-18+20%3A02%3A00"", ""https://photos.lilypad.ca/1307-821-cambie-street-vancouver-R2058502-14.jpg?2016-04-18+20%3A02%3A00"", ""https://photos.lilypad.ca/1307-821-cambie-street-vancouver-R2058502-15.jpg?2016-04-18+20%3A02%3A00""]"
213-3289 Riverwalk Avenue,Vancouver,"$474,900",2,2,2,0,1,880,,2017,Apartment/Condo,Freehold Strata,Vancouver East,V5S 0B8,"[""Ideally situated at the centre of Greater Vancouver, R+R by Polygon features a limited collection of 99 riverside residences. This spacious 2-bed home is filled with designer details including a gourmet kitchen with Bosch appliances and marble accents, generous storage and closet spaces and a spa-style rainshower with integrated seating. Steps from lush green spaces, cycling paths, riverside walkways and a pier. Retail and restaurants are also coming soon. Sales Centre is located at 3202 Riverwalk Ave just off of Kinross Street.""]",0,,0,363.47,22,5,"April 17, 2016 2:24 am","[""https://photos.lilypad.ca/213-3289-riverwalk-avenue-vancouver-R2058057-2.jpg?2016-04-17+02%3A24%3A00"", ""https://photos.lilypad.ca/213-3289-riverwalk-avenue-vancouver-R2058057-3.jpg?2016-04-17+02%3A24%3A00""]"
1008-5728 Berton Avenue,Vancouver,"$823,000",2,2,2,0,1,856,,2013,Apartment/Condo,Leasehold prepaid-Strata,Vancouver West,V6S 0E5,"[""Welcome to Academy by Polygon in the boutique community of Westbrook Village at UBC! This nearly-new 2 Bed+2 Full Bath home is situated within walking distance to the University campus,with easy access to Shopping, Transit, Campus Amentities and the Trails of Pacific Spirit Park. Enjoy this Bright Corner unit with park and forest views, contemporary finishes, European bathrooms & a Deluxe Kitchen with Premium Appliances."", ""Welcome to Academy by Polygon in the boutique community of Westbrook Village at UBC! This nearly-new 2 Bed+2 Full Bath home is situated within walking distance to the University campus,with easy access to Shopping, Transit, Campus Amentities and the Trails of Pacific Spirit Park. Enjoy this Bright Corner unit with park and forest views, contemporary finishes, European bathrooms & a Deluxe Kitchen with Premium Appliances.""]",0,,1893.11,295.48,66,1,"April 19, 2016 2:33 pm","[""http://maps.googleapis.com/maps/api/streetview?size=470x380&location=5728 Berton Avenue  Vancouver, V6S 0E5&sensor=false&fov=70&key=AIzaSyAFiN68UFakXeUjLPb7oAsw3OxToWJuuPE""]"
317-3289 Riverwalk Avenue,Vancouver,"$669,900",2,2,2,0,1,1017,,2017,Apartment/Condo,Freehold Strata,Vancouver East,V5S 0B8,"[""Ideally situated at the centre of Greater Vancouver, R&R by Polygon features a limited collection of 99 riverside residences. This spacious 2 bed home is filled with designer details including a gourmet kitchen with Bosch appliances & marble accents, generous storage & closet spaces & a spa-style rain shower with integrated seating. Steps from lush green spaces, cycling paths, riverside walkways & a pier. Retail & restaurants are also coming soon. Sales centre is located at 3202 Riverwalk Ave, just off of Kinross Street.""]",0,,0,439,22,4,"April 19, 2016 7:45 pm","[""https://photos.lilypad.ca/317-3289-riverwalk-avenue-vancouver-R2059051-2.jpg?2016-04-19+19%3A45%3A00"", ""https://photos.lilypad.ca/317-3289-riverwalk-avenue-vancouver-R2059051-3.jpg?2016-04-19+19%3A45%3A00""]"
709-1708 Columbia Street,Vancouver,"$699,000",1,1,1,0,1,691,,2013,Apartment/Condo,Freehold Strata,Vancouver West,V5Y 0H7,"[""Wall Centre False Creek - quality development condo & most conveniently located in the heart of False Creek area. Walking distance to skytrain & Canada Line. Close to Urban Fare, London Drug, new park, community center and Seawall. Just minutes away from Downtown and Cambie Village. High end S/S appliances including Viking oven, etc. Locker together with one parking. Enjoy views toward water and city. Open House: April 23rd & 24th, Saturday & Sunday from 2-4pm""]",0,,1732.46,337.73,94,1,"April 19, 2016 5:40 pm","[""http://maps.googleapis.com/maps/api/streetview?size=470x380&location=1708 Columbia Street  Vancouver, V5Y 0H7&sensor=false&fov=70&key=AIzaSyAFiN68UFakXeUjLPb7oAsw3OxToWJuuPE""]"
1304-4655 Valley Drive,Vancouver,"$816,000",2,2,2,0,1,889,,2002,Apartment/Condo,Freehold Strata,Vancouver West,V6J 5L6,"[""Best location in Vancouver Westside. Alexander House by Polygon! Just across the beautiful Quilchena Park! This bright and well kept 2 bedroom+den+office unit boasts gourmet kitchen with s/s appls & maple cabinets & newer granite counter tops.Open and functional layout with high ceiling, new flooring and beautiful view of quiet inner courtyard. Solarium could be a small bedrm with big window. 2 secured underground parking /bike room/gym /outdoor pool. Steps to Arbutus Village/Safeway/Quilchena Park/Prince of Wales Secondary School. Great value and do not miss it! Open House Sun. Apr.24 2-4pm.""]",1,,2177.77,365.07,71,1,"April 19, 2016 9:54 pm","[""https://photos.lilypad.ca/1304-4655-valley-drive-vancouver-R2058632-2.jpg?2016-04-19+20%3A32%3A00"", ""https://photos.lilypad.ca/1304-4655-valley-drive-vancouver-R2058632-3.jpg?2016-04-19+20%3A32%3A00"", ""https://photos.lilypad.ca/1304-4655-valley-drive-vancouver-R2058632-4.jpg?2016-04-19+20%3A32%3A00"", ""https://photos.lilypad.ca/1304-4655-valley-drive-vancouver-R2058632-5.jpg?2016-04-19+20%3A32%3A00"", ""https://photos.lilypad.ca/1304-4655-valley-drive-vancouver-R2058632-6.jpg?2016-04-19+20%3A32%3A00"", ""https://photos.lilypad.ca/1304-4655-valley-drive-vancouver-R2058632-7.jpg?2016-04-19+20%3A32%3A00"", ""https://photos.lilypad.ca/1304-4655-valley-drive-vancouver-R2058632-8.jpg?2016-04-19+20%3A32%3A00""]"
3301-233 Robson Street,Vancouver,"$628,000",1,1,1,0,1,685,,2009,Apartment/Condo,Freehold Strata,Vancouver West,V6B 0E8,"[""Absolute fair unit in TV Towers 2 (in the middle of Vancouver's lively downtown core; Robson & Yaletown) - 638 sq.ft. of one bedroom & den upper unit w/stunning screen view to city, water, and Northshore mountains from the open balcony (47 sq.ft.) Inspired by European design, clean lines and efficient use of space; white cabinetry, brushed stainless laminate countertops, contemporary kitchen, soaker tub, chic lighting fixtures. You will love the exclusive membership at The Network; yoga/pilates studio, fully equipped exercise room, steam/sauna, hot tub, theatre, sports lounge, games room, party room, courtyard. Steps to arts/entertainment; Art Gallery, BC Place, Rogers Arena, stylish cafes, city's best restaurants, boutiques.""]",0,,1527.27,234.9,98,1,"April 18, 2016 8:28 pm","[""https://photos.lilypad.ca/3301-233-robson-street-vancouver-R2058606-2.jpg?2016-04-18+18%3A28%3A00"", ""https://photos.lilypad.ca/3301-233-robson-street-vancouver-R2058606-3.jpg?2016-04-18+18%3A28%3A00"", ""https://photos.lilypad.ca/3301-233-robson-street-vancouver-R2058606-4.jpg?2016-04-18+18%3A28%3A00"", ""https://photos.lilypad.ca/3301-233-robson-street-vancouver-R2058606-5.jpg?2016-04-18+18%3A28%3A00"", ""https://photos.lilypad.ca/3301-233-robson-street-vancouver-R2058606-6.jpg?2016-04-18+18%3A28%3A00"", ""https://photos.lilypad.ca/3301-233-robson-street-vancouver-R2058606-7.jpg?2016-04-18+18%3A28%3A00"", ""https://photos.lilypad.ca/3301-233-robson-street-vancouver-R2058606-8.jpg?2016-04-18+18%3A28%3A00"", ""https://photos.lilypad.ca/3301-233-robson-street-vancouver-R2058606-9.jpg?2016-04-18+18%3A28%3A00"", ""https://photos.lilypad.ca/3301-233-robson-street-vancouver-R2058606-10.jpg?2016-04-18+18%3A28%3A00"", ""https://photos.lilypad.ca/3301-233-robson-street-vancouver-R2058606-11.jpg?2016-04-18+18%3A28%3A00"", ""https://photos.lilypad.ca/3301-233-robson-street-vancouver-R2058606-12.jpg?2016-04-18+18%3A28%3A00"", ""https://photos.lilypad.ca/3301-233-robson-street-vancouver-R2058606-13.jpg?2016-04-18+18%3A28%3A00"", ""https://photos.lilypad.ca/3301-233-robson-street-vancouver-R2058606-14.jpg?2016-04-18+18%3A28%3A00""]"
2703-1189 Melville Street,Vancouver,"$799,000",2,2,2,0,1,1024,,2007,Apartment/Condo,Freehold Strata,Vancouver West,V6E 4T8,"[""Live in luxury at The Melville in Coal Harbour! This 2 bedroom, 2 bathroom, 1,024 sf northeast corner suite offers a spacious layout, gourmet kitchen with island, beautifully updated new hardwood floor, new painting and generous storage space. 24 hour concierge, stunning roof top deck with heated pool, hot tub, sauna, gym, media room and elegant lobby. Walk to shops and bistros in beautiful Coal Harbour, steps away from Marina, Stanley Park and Robson Street. Parking#92, Lock room M #160. showing: Mon, April/18th, 1-2 pm and 6-8 pm. All offer send @ email by Tuesday, April/19, 8 pm""]",1,,2598.49,577.81,97,4,"April 19, 2016 8:32 pm",[]
101-5725 Agronomy Road,Vancouver,"$449,000",1,1,1,0,1,660,,2007,Apartment/Condo,Leasehold prepaid-Strata,Vancouver West,V6T 1L9,"[""open 2-4 Sat/Sun April 23&24. Current tenant pays $1,700/m, prefers to stay if possible, 2 months notice to tenant if otherwise. Excellent floor plan with front patio garden with lots of sunshine. This home features S/S appliances, granite counter tops, gas fireplace. Welcome to UBC."", ""Current tenant pays $1,700, prefers to stay if possible, 2 months notice to tenant if otherwise. Excellent floor plan with front patio garden with lots of sunshine. This home features S/S appliances, granite counter tops, gas fireplace. Welcome to UBC.""]",1,,1,210.81,84,6,"April 19, 2016 8:57 pm","[""https://photos.lilypad.ca/101-5725-agronomy-road-vancouver-R2058288-2.jpg?2016-04-18+07%3A42%3A00"", ""https://photos.lilypad.ca/101-5725-agronomy-road-vancouver-R2058288-3.jpg?2016-04-18+07%3A42%3A00"", ""https://photos.lilypad.ca/101-5725-agronomy-road-vancouver-R2058288-4.jpg?2016-04-18+07%3A42%3A00""]"
401-1010 Richards Street,Vancouver,"$499,000",1,1,1,0,1,537,,2003,Apartment/Condo,Freehold Strata,Vancouver West,V6B 1G2,"[""Meticulous unit at The Gallery! This 1 bed + den has a spacious, open floor plan that is perfect for living and entertaining. The well appointed kitchen has a gas cooktop, granite countertops, stainless steel appliances, and built-in microwave. The suite boasts maple hardwood floors throughout, a walk-in closet off the master bedroom, and a den than can be use din many flexible ways. This unit comes complete with: in-suite laundry, 1 parking, large storage locker, bike room, gym & hot tub. The building is worry free and great for all types of buyers. All of this just steps to all that Yaletown and Downtown have to offer. Check it out, you won't be disappointed!""]",1,,1170.2,243.36,100,1,"April 19, 2016 6:05 pm","[""https://photos.lilypad.ca/401-1010-richards-street-vancouver-R2058959-2.jpg?2016-04-19+18%3A05%3A00"", ""https://photos.lilypad.ca/401-1010-richards-street-vancouver-R2058959-3.jpg?2016-04-19+18%3A05%3A00"", ""https://photos.lilypad.ca/401-1010-richards-street-vancouver-R2058959-4.jpg?2016-04-19+18%3A05%3A00"", ""https://photos.lilypad.ca/401-1010-richards-street-vancouver-R2058959-5.jpg?2016-04-19+18%3A05%3A00"", ""https://photos.lilypad.ca/401-1010-richards-street-vancouver-R2058959-6.jpg?2016-04-19+18%3A05%3A00"", ""https://photos.lilypad.ca/401-1010-richards-street-vancouver-R2058959-7.jpg?2016-04-19+18%3A05%3A00"", ""https://photos.lilypad.ca/401-1010-richards-street-vancouver-R2058959-8.jpg?2016-04-19+18%3A05%3A00"", ""https://photos.lilypad.ca/401-1010-richards-street-vancouver-R2058959-9.jpg?2016-04-19+18%3A05%3A00"", ""https://photos.lilypad.ca/401-1010-richards-street-vancouver-R2058959-10.jpg?2016-04-19+18%3A05%3A00"", ""https://photos.lilypad.ca/401-1010-richards-street-vancouver-R2058959-11.jpg?2016-04-19+18%3A05%3A00"", ""https://photos.lilypad.ca/401-1010-richards-street-vancouver-R2058959-12.jpg?2016-04-19+18%3A05%3A00"", ""https://photos.lilypad.ca/401-1010-richards-street-vancouver-R2058959-13.jpg?2016-04-19+18%3A05%3A00"", ""https://photos.lilypad.ca/401-1010-richards-street-vancouver-R2058959-14.jpg?2016-04-19+18%3A05%3A00""]"
210-6328 Larkin Drive,Vancouver,"$688,000",2,2,2,0,1,829,,2004,Apartment/Condo,Leasehold prepaid-Strata,Vancouver West,V6T 2K2,"[""A very very beautiful and oczy 2 bedrm + den apartment unit at JOURNEY in prestigious Hawthorne Place of UBC by famous top developer Adera. Open floor plan with spacious LVGRM & DINRM. Beautiful upgraded H/W floor thru-out Luxury gourmet kitchen w/ quality granite countertops. Inclu top brand name S/S appliances. Large balcony deck overlooking greenery. Quiet neighborhood with parks, playground; recreation centre & all UBC facilities. Just steps away. U-Hill Elementary & Secondary School catchment. Park #94, Locker #30""]",1,,1364.92,316.69,70,5,"April 15, 2016 9:28 pm","[""http://maps.googleapis.com/maps/api/streetview?size=470x380&location=6328 Larkin Drive  Vancouver, V6T 2K2&sensor=false&fov=70&key=AIzaSyAFiN68UFakXeUjLPb7oAsw3OxToWJuuPE""]"
527-4078 Knight Street,Vancouver,"$579,000",2,2,2,0,1,950,,2008,Apartment/Condo,Freehold Strata,Vancouver East,V5N 5Y9,"[""Flooded with natural light, this bright and spacious 2 bdrm/2 bath corner unit comes with open concept floor plan and smart layout with bedrooms on each side of the unit for added privacy. Functional kitchen has an eating bar, granite counter-tops, stainless steel appliances. Quality laminate flooring throughout the unit. Plenty of storage space: over-sized pantry & closets inside the unit + external storage locker. Use a spacious den as an office or a 3rd bedroom for a growing family. Great starter home and/or perfect investment property. Patio sized balcony opens up to unobstructed southwest views of the park and city. Fabulous location with easy access to transportation, shopping, dining, schools and parks. Open House - Saturday, Apr. 23rd 2:00-3:30pm; Sunday, Apr. 24th, 1:00-3:30pm""]",0,,1566.16,319,92,1,"April 19, 2016 11:08 pm","[""https://photos.lilypad.ca/527-4078-knight-street-vancouver-R2059262-2.jpg?2016-04-19+23%3A07%3A00"", ""https://photos.lilypad.ca/527-4078-knight-street-vancouver-R2059262-3.jpg?2016-04-19+23%3A07%3A00"", ""https://photos.lilypad.ca/527-4078-knight-street-vancouver-R2059262-4.jpg?2016-04-19+23%3A07%3A00"", ""https://photos.lilypad.ca/527-4078-knight-street-vancouver-R2059262-5.jpg?2016-04-19+23%3A07%3A00"", ""https://photos.lilypad.ca/527-4078-knight-street-vancouver-R2059262-6.jpg?2016-04-19+23%3A07%3A00"", ""https://photos.lilypad.ca/527-4078-knight-street-vancouver-R2059262-7.jpg?2016-04-19+23%3A07%3A00"", ""https://photos.lilypad.ca/527-4078-knight-street-vancouver-R2059262-8.jpg?2016-04-19+23%3A07%3A00"", ""https://photos.lilypad.ca/527-4078-knight-street-vancouver-R2059262-9.jpg?2016-04-19+23%3A07%3A00"", ""https://photos.lilypad.ca/527-4078-knight-street-vancouver-R2059262-10.jpg?2016-04-19+23%3A07%3A00"", ""https://photos.lilypad.ca/527-4078-knight-street-vancouver-R2059262-11.jpg?2016-04-19+23%3A07%3A00"", ""https://photos.lilypad.ca/527-4078-knight-street-vancouver-R2059262-12.jpg?2016-04-19+23%3A07%3A00"", ""https://photos.lilypad.ca/527-4078-knight-street-vancouver-R2059262-13.jpg?2016-04-19+23%3A07%3A00"", ""https://photos.lilypad.ca/527-4078-knight-street-vancouver-R2059262-14.jpg?2016-04-19+23%3A07%3A00"", ""https://photos.lilypad.ca/527-4078-knight-street-vancouver-R2059262-15.jpg?2016-04-19+23%3A07%3A00""]"
603-3289 Riverwalk Avenue,Vancouver,"$574,900",1,2,2,0,1,959,,2017,Apartment/Condo,Freehold Strata,Vancouver East,V5S 0B8,"[""R+ R by Polygon, a boutique collection of riverside residences in Vancouver's River District. This coveted south facing 2 bed, 2 bath home features bedrooms at opposite ends of the residence to maximize privacy and tranquility. Ensuite boasts a walk-in rain shower with integrated bench seating, double vanities and a convenient linen closet. The kitchen sparkles with brand name appliances and marble accents. As the River District continues to blossom, new grocers, banks, cafes and parks will also be coming soon. Sales Centre is located at 3202 Riverwalk Ave. just off of Kinross Street.""]",0,,0,394.5,22,5,"April 17, 2016 2:32 am","[""https://photos.lilypad.ca/603-3289-riverwalk-avenue-vancouver-R2058093-2.jpg?2016-04-17+02%3A32%3A00"", ""https://photos.lilypad.ca/603-3289-riverwalk-avenue-vancouver-R2058093-3.jpg?2016-04-17+02%3A32%3A00""]"
3205-1028 Barclay Street,Vancouver,"$1,499,800",2,2,2,0,1,1027,,2011,Apartment/Condo,Freehold Strata,Vancouver West,V6E 0B1,"[""PATINA BY RENOWNED DEVELOPER CONCERT PROPERTIES! LUXURY LANDMARK BUILDING IN THE HEART OF DOWNTOWN! High \""Horizon collection Level\"" 2 bedroom suite with panoramic view of Ocean, English Bay, Mountain and Downtown skylines! Large entertainment size view balcony! High end kitchen featuring granite countertops. Liebherr built-in fridge, Miele hood fan, ceramic glass cooktop, dishwasher & built-in convection oven, etc. 2 luxury bathrooms w/marble counter tops and heated floors featuring soaker tub & frameless glass shower stall in the master ensuite. Year round comfort with AIR CONDITIONING & heating system. A well-equipped gym and a fully furnished clubhouse opening onto an expensive roof-top garden. 24 hours Concierge Service.""]",0,,3471.72,392.96,99,4,"April 15, 2016 10:40 pm","[""http://maps.googleapis.com/maps/api/streetview?size=470x380&location=1028 Barclay Street  Vancouver, V6E 0B1&sensor=false&fov=70&key=AIzaSyAFiN68UFakXeUjLPb7oAsw3OxToWJuuPE""]"
419-3333 Main Street,Vancouver,"$398,000",0,1,1,0,1,459,,2011,Apartment/Condo,Freehold Strata,Vancouver East,V5M 3M8,"[""Rare and incredible opportunity to own this studio flex one bedroom suite in super sought after 3333 Main Street. Engineered floors, gourmet kitchen and spa style bathroom complete this perfect Main Street condo. Very very private and quiet setting with a balcony facing south to 18th avenue. This superior building and strata still has the balance of the new home warranty too. Don't miss your chance. Rentals and pets allowed. Visit Realtors website for more details.""]",0,,1035.09,153.62,76,1,"April 19, 2016 9:10 pm","[""https://photos.lilypad.ca/419-3333-main-street-vancouver-R2059114-2.jpg?2016-04-19+01%3A49%3A00"", ""https://photos.lilypad.ca/419-3333-main-street-vancouver-R2059114-3.jpg?2016-04-19+01%3A49%3A00"", ""https://photos.lilypad.ca/419-3333-main-street-vancouver-R2059114-4.jpg?2016-04-19+01%3A49%3A00"", ""https://photos.lilypad.ca/419-3333-main-street-vancouver-R2059114-5.jpg?2016-04-19+01%3A49%3A00"", ""https://photos.lilypad.ca/419-3333-main-street-vancouver-R2059114-6.jpg?2016-04-19+01%3A49%3A00"", ""https://photos.lilypad.ca/419-3333-main-street-vancouver-R2059114-7.jpg?2016-04-19+01%3A49%3A00"", ""https://photos.lilypad.ca/419-3333-main-street-vancouver-R2059114-8.jpg?2016-04-19+01%3A49%3A00"", ""https://photos.lilypad.ca/419-3333-main-street-vancouver-R2059114-9.jpg?2016-04-19+01%3A49%3A00"", ""https://photos.lilypad.ca/419-3333-main-street-vancouver-R2059114-10.jpg?2016-04-19+01%3A49%3A00"", ""https://photos.lilypad.ca/419-3333-main-street-vancouver-R2059114-11.jpg?2016-04-19+01%3A49%3A00"", ""https://photos.lilypad.ca/419-3333-main-street-vancouver-R2059114-12.jpg?2016-04-19+01%3A49%3A00"", ""https://photos.lilypad.ca/419-3333-main-street-vancouver-R2059114-13.jpg?2016-04-19+01%3A49%3A00"", ""https://photos.lilypad.ca/419-3333-main-street-vancouver-R2059114-14.jpg?2016-04-19+01%3A49%3A00"", ""https://photos.lilypad.ca/419-3333-main-street-vancouver-R2059114-15.jpg?2016-04-19+01%3A49%3A00"", ""https://photos.lilypad.ca/419-3333-main-street-vancouver-R2059114-16.jpg?2016-04-19+01%3A49%3A00"", ""https://photos.lilypad.ca/419-3333-main-street-vancouver-R2059114-17.jpg?2016-04-19+01%3A49%3A00"", ""https://photos.lilypad.ca/419-3333-main-street-vancouver-R2059114-18.jpg?2016-04-19+01%3A49%3A00"", ""https://photos.lilypad.ca/419-3333-main-street-vancouver-R2059114-19.jpg?2016-04-19+01%3A49%3A00"", ""https://photos.lilypad.ca/419-3333-main-street-vancouver-R2059114-20.jpg?2016-04-19+01%3A49%3A00""]"
209-3520 Crowley Drive,Vancouver,"$363,800",1,1,1,0,1,701,,2002,Apartment/Condo,Freehold Strata,Vancouver East,V5R 6G9,"[""INVESTOR ALERT!! Fantastic, upgraded 1 bedroom and den suite with superb long term tenants. Shows very well with beautiful engineered hardwood flooring, new paint and fabulous bonus pantry in the kitchen. The unit is set back across the street from a park and a short walk to Joyce Skytrain Station. Exceptionally well run strata with excellent caretaker. One parking and storage and bike lockers. No rental restrictions and up to 2 pets allowed. Open Wednesday evening, April 20th from 6-7 pm by appointment only.""]",0,,1060.6,276.04,89,5,"April 18, 2016 10:30 pm","[""https://photos.lilypad.ca/209-3520-crowley-drive-vancouver-R2057723-2.jpg?2016-04-15+03%3A16%3A00"", ""https://photos.lilypad.ca/209-3520-crowley-drive-vancouver-R2057723-3.jpg?2016-04-15+03%3A16%3A00"", ""https://photos.lilypad.ca/209-3520-crowley-drive-vancouver-R2057723-4.jpg?2016-04-15+03%3A16%3A00""]"
1801-1171 Jervis Street,Vancouver,"$3,500,000",2,3,2,1,1,2236,,2018,Apartment/Condo,Freehold Strata,Vancouver West,V6E 2C6,"[""This spacious sub-penthouse home is built with the highest level of luxury finishings. The master bedroom includes a massive dressing room with an island, in addition to an ensuite bathroom with a steam shower and separate water closet. As one of the West End's finest vantage points, the floor-to-ceiling windows and multiple outdoor living areas offer uninhibited views of the North Shore Mountains, English Bay, and the downtown sunrise. A rare opportunity to own an Inform Designed home with gorgeous views spanning 300 degrees - in Canada's \""best community\"" the West End.""]",0,,0,1050.92,97,4,"April 18, 2016 8:39 pm","[""http://maps.googleapis.com/maps/api/streetview?size=470x380&location=1171 Jervis Street  Vancouver, V6E 2C6&sensor=false&fov=70&key=AIzaSyAFiN68UFakXeUjLPb7oAsw3OxToWJuuPE""]"
1501-289 Drake Street,Vancouver,"$988,000",2,2,2,0,1,1204,,1994,Apartment/Condo,Freehold Strata,Vancouver West,V6B 5Z5,"[""Rarely available 2 bed + den + nook, 2 full bath, 1204 Square feet VIEW unit in Parkview Tower. With unobstructed view of David Lam park and the water this unit offers location, view and comfort. Located on Drake + Pacific you are steps to Yaletown, shopping, restaurants, Canada Line, Elsie Roy Elementary and David Lam Park. Well run problem free building with Pool, Sauna and Gym facilities. Comes with one parking (separate strata lot) and one storage locker. 1st showings at open house April 23 & 24th from 2-4PM.""]",0,,2174.24,453.26,98,1,"April 18, 2016 3:01 pm","[""https://photos.lilypad.ca/1501-289-drake-street-vancouver-R2058395-2.jpg?2016-04-18+14%3A28%3A00"", ""https://photos.lilypad.ca/1501-289-drake-street-vancouver-R2058395-3.jpg?2016-04-18+14%3A28%3A00"", ""https://photos.lilypad.ca/1501-289-drake-street-vancouver-R2058395-4.jpg?2016-04-18+14%3A28%3A00"", ""https://photos.lilypad.ca/1501-289-drake-street-vancouver-R2058395-5.jpg?2016-04-18+14%3A28%3A00"", ""https://photos.lilypad.ca/1501-289-drake-street-vancouver-R2058395-6.jpg?2016-04-18+14%3A28%3A00"", ""https://photos.lilypad.ca/1501-289-drake-street-vancouver-R2058395-7.jpg?2016-04-18+14%3A28%3A00"", ""https://photos.lilypad.ca/1501-289-drake-street-vancouver-R2058395-8.jpg?2016-04-18+14%3A28%3A00"", ""https://photos.lilypad.ca/1501-289-drake-street-vancouver-R2058395-9.jpg?2016-04-18+14%3A28%3A00"", ""https://photos.lilypad.ca/1501-289-drake-street-vancouver-R2058395-10.jpg?2016-04-18+14%3A28%3A00"", ""https://photos.lilypad.ca/1501-289-drake-street-vancouver-R2058395-11.jpg?2016-04-18+14%3A28%3A00"", ""https://photos.lilypad.ca/1501-289-drake-street-vancouver-R2058395-12.jpg?2016-04-18+14%3A28%3A00"", ""https://photos.lilypad.ca/1501-289-drake-street-vancouver-R2058395-13.jpg?2016-04-18+14%3A28%3A00"", ""https://photos.lilypad.ca/1501-289-drake-street-vancouver-R2058395-14.jpg?2016-04-18+14%3A28%3A00""]"
601-908 Keith Road,Vancouver,"$2,959,000",2,3,2,1,1,1528,,2014,Apartment/Condo,Freehold NonStrata,West Vancouver,V7T 1H3,"[""A spectacular 2 bedroom Sub-Penthouse at Evelyn in the heart of West Vancouver offers an extraordinary level of luxury. 1528 sq.ft. of contemporary design and jaw dropping ocean, lion gate bridge & mountain views with floor-to-ceiling windows throughout the home. Air-conditioning, floor space designed to maximize views and natural light, spacious living and dining areas with signature fireplace, modern kitchen with a large center island and top-of-the-line appliances, 2 spacious bedrooms including a breathtaking master bedroom with spa-like ensuite, walk-in closet and living room \u2013 all opening out to sunfilled terrace. 2 private storage rooms and 2 secured underground parking is included. Pets are allowed with restrictions and rentals are allowed.""]",1,,5619.63,715.99,66,4,"April 18, 2016 10:27 pm","[""https://photos.lilypad.ca/601-908-keith-road-vancouver-R2057918-2.jpg?2016-04-16+06%3A32%3A00"", ""https://photos.lilypad.ca/601-908-keith-road-vancouver-R2057918-3.jpg?2016-04-16+06%3A32%3A00"", ""https://photos.lilypad.ca/601-908-keith-road-vancouver-R2057918-4.jpg?2016-04-16+06%3A32%3A00"", ""https://photos.lilypad.ca/601-908-keith-road-vancouver-R2057918-5.jpg?2016-04-16+06%3A32%3A00"", ""https://photos.lilypad.ca/601-908-keith-road-vancouver-R2057918-6.jpg?2016-04-16+06%3A32%3A00"", ""https://photos.lilypad.ca/601-908-keith-road-vancouver-R2057918-7.jpg?2016-04-16+06%3A32%3A00"", ""https://photos.lilypad.ca/601-908-keith-road-vancouver-R2057918-8.jpg?2016-04-16+06%3A32%3A00"", ""https://photos.lilypad.ca/601-908-keith-road-vancouver-R2057918-9.jpg?2016-04-16+06%3A32%3A00"", ""https://photos.lilypad.ca/601-908-keith-road-vancouver-R2057918-10.jpg?2016-04-16+06%3A32%3A00"", ""https://photos.lilypad.ca/601-908-keith-road-vancouver-R2057918-11.jpg?2016-04-16+06%3A32%3A00"", ""https://photos.lilypad.ca/601-908-keith-road-vancouver-R2057918-12.jpg?2016-04-16+06%3A32%3A00"", ""https://photos.lilypad.ca/601-908-keith-road-vancouver-R2057918-13.jpg?2016-04-16+06%3A32%3A00"", ""https://photos.lilypad.ca/601-908-keith-road-vancouver-R2057918-14.jpg?2016-04-16+06%3A32%3A00"", ""https://photos.lilypad.ca/601-908-keith-road-vancouver-R2057918-15.jpg?2016-04-16+06%3A32%3A00"", ""https://photos.lilypad.ca/601-908-keith-road-vancouver-R2057918-16.jpg?2016-04-16+06%3A32%3A00""]"
